[
{
    "pk": 16, 
    "model": "mapApp.mappage", 
    "fields": {}
},
{
    "pk": 1, 
    "model": "mapApp.locationpoint", 
    "fields": {
        "geom": "POINT (160.2795410156250000 -9.6115822109846736)", 
        "name": "Solomon Islands Point"
    }
},
{
    "pk": 2, 
    "model": "mapApp.locationpoint", 
    "fields": {
        "geom": "POINT (-80.2441406250000000 33.5780147461439920)", 
        "name": "South Caroline Point"
    }
},
{
    "pk": 1, 
    "model": "mapApp.locationpolygon", 
    "fields": {
        "geom": "POLYGON ((154.5996093750000000 -4.5654735507102782, 161.7187500000000000 -7.8851472834243186, 168.3984375000000000 -10.7469693184599910, 164.8828125000000000 -12.5545635285936590, 158.9062500000000000 -10.5742220783328090, 154.7753906250000000 -7.5367643220840783, 154.5996093750000000 -4.5654735507102782))", 
        "name": "Solomon Islands Polygon"
    }
},
{
    "pk": 2, 
    "model": "mapApp.locationpolygon", 
    "fields": {
        "geom": "POLYGON ((-80.7714843750000000 32.2499744558633100, -82.4414062500000000 33.9433599465788230, -83.1445312500000000 34.8859309407531700, -81.0351562500000000 35.4606699514953120, -79.7167968750000000 35.1019340572460620, -78.2226562500000000 33.7974087675724920, -80.7714843750000000 32.2499744558633100))", 
        "name": "South Caroline Polygon"
    }
},
{
    "pk": 1, 
    "model": "auth.user", 
    "fields": {
        "username": "cchuang6", 
        "first_name": "", 
        "last_name": "", 
        "is_active": true, 
        "is_superuser": true, 
        "is_staff": true, 
        "last_login": "2015-01-21T18:18:38.295Z", 
        "groups": [], 
        "user_permissions": [], 
        "password": "pbkdf2_sha256$12000$fVrYtsA0SZuB$I/rjZujPaf/z2O94TjmvighkFJkEfxWzJCkUmmNYh1c=", 
        "email": "cchuang6@asu.edu", 
        "date_joined": "2014-03-04T22:55:28.723Z"
    }
},
{
    "pk": "0cby9y0qaq9n06xrtu8akq4nytv7lyd5", 
    "model": "sessions.session", 
    "fields": {
        "expire_date": "2015-02-04T08:11:32.351Z", 
        "session_data": "OWFjNmNhYzQ5ZDg4MDNiNDY5MjhhODAxMjJhODUwNTgxODI3Yjc1Zjp7Il9hdXRoX3VzZXJfYmFja2VuZCI6Im1lenphbmluZS5jb3JlLmF1dGhfYmFja2VuZHMuTWV6emFuaW5lQmFja2VuZCIsIl9hdXRoX3VzZXJfaWQiOjF9"
    }
},
{
    "pk": "1dpwnx2vsdvtect8hcil3wz6tkdr831e", 
    "model": "sessions.session", 
    "fields": {
        "expire_date": "2014-04-16T20:25:25.184Z", 
        "session_data": "OWFjNmNhYzQ5ZDg4MDNiNDY5MjhhODAxMjJhODUwNTgxODI3Yjc1Zjp7Il9hdXRoX3VzZXJfYmFja2VuZCI6Im1lenphbmluZS5jb3JlLmF1dGhfYmFja2VuZHMuTWV6emFuaW5lQmFja2VuZCIsIl9hdXRoX3VzZXJfaWQiOjF9"
    }
},
{
    "pk": "21otsog56lce0xyz1w7jql2o6djjeskx", 
    "model": "sessions.session", 
    "fields": {
        "expire_date": "2014-03-21T03:21:11.040Z", 
        "session_data": "ZDcxMDcyMzY4YjY0NGMxYmRiNzExNjE2Zjg0MWVhZDk0ZTJlY2Y3ODp7fQ=="
    }
},
{
    "pk": "3coo5aj5ig42hi2xikxs21v7fpuvul5l", 
    "model": "sessions.session", 
    "fields": {
        "expire_date": "2015-02-04T05:17:17.697Z", 
        "session_data": "OWFjNmNhYzQ5ZDg4MDNiNDY5MjhhODAxMjJhODUwNTgxODI3Yjc1Zjp7Il9hdXRoX3VzZXJfYmFja2VuZCI6Im1lenphbmluZS5jb3JlLmF1dGhfYmFja2VuZHMuTWV6emFuaW5lQmFja2VuZCIsIl9hdXRoX3VzZXJfaWQiOjF9"
    }
},
{
    "pk": "46odecb05i2cynpgwbv2mvb0ucvq331o", 
    "model": "sessions.session", 
    "fields": {
        "expire_date": "2014-03-19T21:40:12.082Z", 
        "session_data": "OWFjNmNhYzQ5ZDg4MDNiNDY5MjhhODAxMjJhODUwNTgxODI3Yjc1Zjp7Il9hdXRoX3VzZXJfYmFja2VuZCI6Im1lenphbmluZS5jb3JlLmF1dGhfYmFja2VuZHMuTWV6emFuaW5lQmFja2VuZCIsIl9hdXRoX3VzZXJfaWQiOjF9"
    }
},
{
    "pk": "4uc1fu63qbt6o4db15cv93lvfndlnqro", 
    "model": "sessions.session", 
    "fields": {
        "expire_date": "2015-02-04T04:49:29.388Z", 
        "session_data": "OWFjNmNhYzQ5ZDg4MDNiNDY5MjhhODAxMjJhODUwNTgxODI3Yjc1Zjp7Il9hdXRoX3VzZXJfYmFja2VuZCI6Im1lenphbmluZS5jb3JlLmF1dGhfYmFja2VuZHMuTWV6emFuaW5lQmFja2VuZCIsIl9hdXRoX3VzZXJfaWQiOjF9"
    }
},
{
    "pk": "5mwvbh8p72jvwjw85jusqu45c3k9y4lm", 
    "model": "sessions.session", 
    "fields": {
        "expire_date": "2014-11-26T18:03:18.541Z", 
        "session_data": "OWFjNmNhYzQ5ZDg4MDNiNDY5MjhhODAxMjJhODUwNTgxODI3Yjc1Zjp7Il9hdXRoX3VzZXJfYmFja2VuZCI6Im1lenphbmluZS5jb3JlLmF1dGhfYmFja2VuZHMuTWV6emFuaW5lQmFja2VuZCIsIl9hdXRoX3VzZXJfaWQiOjF9"
    }
},
{
    "pk": "69qaj64p5wlf1ny017p3quzie2og5wf4", 
    "model": "sessions.session", 
    "fields": {
        "expire_date": "2014-11-25T18:47:08.203Z", 
        "session_data": "OWFjNmNhYzQ5ZDg4MDNiNDY5MjhhODAxMjJhODUwNTgxODI3Yjc1Zjp7Il9hdXRoX3VzZXJfYmFja2VuZCI6Im1lenphbmluZS5jb3JlLmF1dGhfYmFja2VuZHMuTWV6emFuaW5lQmFja2VuZCIsIl9hdXRoX3VzZXJfaWQiOjF9"
    }
},
{
    "pk": "6dasqcf1nmx1r360vpmdj9axpigdp6eh", 
    "model": "sessions.session", 
    "fields": {
        "expire_date": "2014-03-26T21:36:15.402Z", 
        "session_data": "OWFjNmNhYzQ5ZDg4MDNiNDY5MjhhODAxMjJhODUwNTgxODI3Yjc1Zjp7Il9hdXRoX3VzZXJfYmFja2VuZCI6Im1lenphbmluZS5jb3JlLmF1dGhfYmFja2VuZHMuTWV6emFuaW5lQmFja2VuZCIsIl9hdXRoX3VzZXJfaWQiOjF9"
    }
},
{
    "pk": "74esds8xa1mn6kcjcvj78mw2q8i4izux", 
    "model": "sessions.session", 
    "fields": {
        "expire_date": "2014-03-20T01:03:02.002Z", 
        "session_data": "OWFjNmNhYzQ5ZDg4MDNiNDY5MjhhODAxMjJhODUwNTgxODI3Yjc1Zjp7Il9hdXRoX3VzZXJfYmFja2VuZCI6Im1lenphbmluZS5jb3JlLmF1dGhfYmFja2VuZHMuTWV6emFuaW5lQmFja2VuZCIsIl9hdXRoX3VzZXJfaWQiOjF9"
    }
},
{
    "pk": "95zh7fyd8vgyvwoxxhawabvaahcj3nx8", 
    "model": "sessions.session", 
    "fields": {
        "expire_date": "2014-12-17T20:15:04.364Z", 
        "session_data": "OWFjNmNhYzQ5ZDg4MDNiNDY5MjhhODAxMjJhODUwNTgxODI3Yjc1Zjp7Il9hdXRoX3VzZXJfYmFja2VuZCI6Im1lenphbmluZS5jb3JlLmF1dGhfYmFja2VuZHMuTWV6emFuaW5lQmFja2VuZCIsIl9hdXRoX3VzZXJfaWQiOjF9"
    }
},
{
    "pk": "9ckaqp2gpgb3ncjjf7gpao2gtue33cf4", 
    "model": "sessions.session", 
    "fields": {
        "expire_date": "2015-02-03T19:54:32.737Z", 
        "session_data": "OWFjNmNhYzQ5ZDg4MDNiNDY5MjhhODAxMjJhODUwNTgxODI3Yjc1Zjp7Il9hdXRoX3VzZXJfYmFja2VuZCI6Im1lenphbmluZS5jb3JlLmF1dGhfYmFja2VuZHMuTWV6emFuaW5lQmFja2VuZCIsIl9hdXRoX3VzZXJfaWQiOjF9"
    }
},
{
    "pk": "awkomlkzftdouimzrud9axj6oz8ewp2p", 
    "model": "sessions.session", 
    "fields": {
        "expire_date": "2014-03-26T21:01:48.573Z", 
        "session_data": "OWFjNmNhYzQ5ZDg4MDNiNDY5MjhhODAxMjJhODUwNTgxODI3Yjc1Zjp7Il9hdXRoX3VzZXJfYmFja2VuZCI6Im1lenphbmluZS5jb3JlLmF1dGhfYmFja2VuZHMuTWV6emFuaW5lQmFja2VuZCIsIl9hdXRoX3VzZXJfaWQiOjF9"
    }
},
{
    "pk": "bminuykbo8cy8hu3mxh3knmrlgkzvx34", 
    "model": "sessions.session", 
    "fields": {
        "expire_date": "2014-11-26T19:41:14.941Z", 
        "session_data": "OWFjNmNhYzQ5ZDg4MDNiNDY5MjhhODAxMjJhODUwNTgxODI3Yjc1Zjp7Il9hdXRoX3VzZXJfYmFja2VuZCI6Im1lenphbmluZS5jb3JlLmF1dGhfYmFja2VuZHMuTWV6emFuaW5lQmFja2VuZCIsIl9hdXRoX3VzZXJfaWQiOjF9"
    }
},
{
    "pk": "ckk81wpbsywbzzsf3ptnrhv60gd9fkz4", 
    "model": "sessions.session", 
    "fields": {
        "expire_date": "2014-06-11T22:25:56.141Z", 
        "session_data": "OWFjNmNhYzQ5ZDg4MDNiNDY5MjhhODAxMjJhODUwNTgxODI3Yjc1Zjp7Il9hdXRoX3VzZXJfYmFja2VuZCI6Im1lenphbmluZS5jb3JlLmF1dGhfYmFja2VuZHMuTWV6emFuaW5lQmFja2VuZCIsIl9hdXRoX3VzZXJfaWQiOjF9"
    }
},
{
    "pk": "cms1eibbnrtsoqt1i0rla53rkcm028sp", 
    "model": "sessions.session", 
    "fields": {
        "expire_date": "2014-03-20T04:16:03.287Z", 
        "session_data": "OWFjNmNhYzQ5ZDg4MDNiNDY5MjhhODAxMjJhODUwNTgxODI3Yjc1Zjp7Il9hdXRoX3VzZXJfYmFja2VuZCI6Im1lenphbmluZS5jb3JlLmF1dGhfYmFja2VuZHMuTWV6emFuaW5lQmFja2VuZCIsIl9hdXRoX3VzZXJfaWQiOjF9"
    }
},
{
    "pk": "d4rmawsakp0vj49cjnkkomkbkqy10bk1", 
    "model": "sessions.session", 
    "fields": {
        "expire_date": "2014-12-17T20:01:22.969Z", 
        "session_data": "OWFjNmNhYzQ5ZDg4MDNiNDY5MjhhODAxMjJhODUwNTgxODI3Yjc1Zjp7Il9hdXRoX3VzZXJfYmFja2VuZCI6Im1lenphbmluZS5jb3JlLmF1dGhfYmFja2VuZHMuTWV6emFuaW5lQmFja2VuZCIsIl9hdXRoX3VzZXJfaWQiOjF9"
    }
},
{
    "pk": "ew8ots0u3wx2mo49561ilr2bxmuza8o8", 
    "model": "sessions.session", 
    "fields": {
        "expire_date": "2014-11-11T17:29:47.985Z", 
        "session_data": "OWFjNmNhYzQ5ZDg4MDNiNDY5MjhhODAxMjJhODUwNTgxODI3Yjc1Zjp7Il9hdXRoX3VzZXJfYmFja2VuZCI6Im1lenphbmluZS5jb3JlLmF1dGhfYmFja2VuZHMuTWV6emFuaW5lQmFja2VuZCIsIl9hdXRoX3VzZXJfaWQiOjF9"
    }
},
{
    "pk": "exrbao6xs7q423u10pocn5x1mh9zf3ru", 
    "model": "sessions.session", 
    "fields": {
        "expire_date": "2014-03-19T22:23:22.133Z", 
        "session_data": "OWFjNmNhYzQ5ZDg4MDNiNDY5MjhhODAxMjJhODUwNTgxODI3Yjc1Zjp7Il9hdXRoX3VzZXJfYmFja2VuZCI6Im1lenphbmluZS5jb3JlLmF1dGhfYmFja2VuZHMuTWV6emFuaW5lQmFja2VuZCIsIl9hdXRoX3VzZXJfaWQiOjF9"
    }
},
{
    "pk": "fli5q2db8bhjyu4i03mzx2rl0fpoc0og", 
    "model": "sessions.session", 
    "fields": {
        "expire_date": "2014-12-17T20:28:02.033Z", 
        "session_data": "OWFjNmNhYzQ5ZDg4MDNiNDY5MjhhODAxMjJhODUwNTgxODI3Yjc1Zjp7Il9hdXRoX3VzZXJfYmFja2VuZCI6Im1lenphbmluZS5jb3JlLmF1dGhfYmFja2VuZHMuTWV6emFuaW5lQmFja2VuZCIsIl9hdXRoX3VzZXJfaWQiOjF9"
    }
},
{
    "pk": "fscsoglz5ye1nsx62vv5bkf1lgd4l0z2", 
    "model": "sessions.session", 
    "fields": {
        "expire_date": "2014-03-25T00:10:16.680Z", 
        "session_data": "OWFjNmNhYzQ5ZDg4MDNiNDY5MjhhODAxMjJhODUwNTgxODI3Yjc1Zjp7Il9hdXRoX3VzZXJfYmFja2VuZCI6Im1lenphbmluZS5jb3JlLmF1dGhfYmFja2VuZHMuTWV6emFuaW5lQmFja2VuZCIsIl9hdXRoX3VzZXJfaWQiOjF9"
    }
},
{
    "pk": "h0dzvbjn0a9kb9y45k17uae6q1m9vlv9", 
    "model": "sessions.session", 
    "fields": {
        "expire_date": "2014-03-19T03:08:33.020Z", 
        "session_data": "ZDcxMDcyMzY4YjY0NGMxYmRiNzExNjE2Zjg0MWVhZDk0ZTJlY2Y3ODp7fQ=="
    }
},
{
    "pk": "h5q0000zt91qf8p1iiqysuwie4pka1s8", 
    "model": "sessions.session", 
    "fields": {
        "expire_date": "2014-03-25T17:36:22.581Z", 
        "session_data": "OWFjNmNhYzQ5ZDg4MDNiNDY5MjhhODAxMjJhODUwNTgxODI3Yjc1Zjp7Il9hdXRoX3VzZXJfYmFja2VuZCI6Im1lenphbmluZS5jb3JlLmF1dGhfYmFja2VuZHMuTWV6emFuaW5lQmFja2VuZCIsIl9hdXRoX3VzZXJfaWQiOjF9"
    }
},
{
    "pk": "hxvhh1z9dq3qcu9s7yjdhlvtf5j89w63", 
    "model": "sessions.session", 
    "fields": {
        "expire_date": "2014-11-10T23:57:08.175Z", 
        "session_data": "OWFjNmNhYzQ5ZDg4MDNiNDY5MjhhODAxMjJhODUwNTgxODI3Yjc1Zjp7Il9hdXRoX3VzZXJfYmFja2VuZCI6Im1lenphbmluZS5jb3JlLmF1dGhfYmFja2VuZHMuTWV6emFuaW5lQmFja2VuZCIsIl9hdXRoX3VzZXJfaWQiOjF9"
    }
},
{
    "pk": "icghy0vlpuoqtfodu1jm2r0qbicw55js", 
    "model": "sessions.session", 
    "fields": {
        "expire_date": "2015-02-04T04:40:24.392Z", 
        "session_data": "OWFjNmNhYzQ5ZDg4MDNiNDY5MjhhODAxMjJhODUwNTgxODI3Yjc1Zjp7Il9hdXRoX3VzZXJfYmFja2VuZCI6Im1lenphbmluZS5jb3JlLmF1dGhfYmFja2VuZHMuTWV6emFuaW5lQmFja2VuZCIsIl9hdXRoX3VzZXJfaWQiOjF9"
    }
},
{
    "pk": "lnu3s77l24m4bph30xmpt8cjqs9zy7sg", 
    "model": "sessions.session", 
    "fields": {
        "expire_date": "2014-09-29T21:50:01.711Z", 
        "session_data": "OWFjNmNhYzQ5ZDg4MDNiNDY5MjhhODAxMjJhODUwNTgxODI3Yjc1Zjp7Il9hdXRoX3VzZXJfYmFja2VuZCI6Im1lenphbmluZS5jb3JlLmF1dGhfYmFja2VuZHMuTWV6emFuaW5lQmFja2VuZCIsIl9hdXRoX3VzZXJfaWQiOjF9"
    }
},
{
    "pk": "ls57ov3dcnen1xf5qi8k88qkbjlddg5d", 
    "model": "sessions.session", 
    "fields": {
        "expire_date": "2014-11-11T16:53:31.563Z", 
        "session_data": "OWFjNmNhYzQ5ZDg4MDNiNDY5MjhhODAxMjJhODUwNTgxODI3Yjc1Zjp7Il9hdXRoX3VzZXJfYmFja2VuZCI6Im1lenphbmluZS5jb3JlLmF1dGhfYmFja2VuZHMuTWV6emFuaW5lQmFja2VuZCIsIl9hdXRoX3VzZXJfaWQiOjF9"
    }
},
{
    "pk": "nlg8dsjnsysxtualns6noixhagipqnbo", 
    "model": "sessions.session", 
    "fields": {
        "expire_date": "2015-02-04T18:18:38.318Z", 
        "session_data": "OWFjNmNhYzQ5ZDg4MDNiNDY5MjhhODAxMjJhODUwNTgxODI3Yjc1Zjp7Il9hdXRoX3VzZXJfYmFja2VuZCI6Im1lenphbmluZS5jb3JlLmF1dGhfYmFja2VuZHMuTWV6emFuaW5lQmFja2VuZCIsIl9hdXRoX3VzZXJfaWQiOjF9"
    }
},
{
    "pk": "p1kr30mcf1q8az3hd72iflb732fjalno", 
    "model": "sessions.session", 
    "fields": {
        "expire_date": "2014-09-30T00:45:35.342Z", 
        "session_data": "OWFjNmNhYzQ5ZDg4MDNiNDY5MjhhODAxMjJhODUwNTgxODI3Yjc1Zjp7Il9hdXRoX3VzZXJfYmFja2VuZCI6Im1lenphbmluZS5jb3JlLmF1dGhfYmFja2VuZHMuTWV6emFuaW5lQmFja2VuZCIsIl9hdXRoX3VzZXJfaWQiOjF9"
    }
},
{
    "pk": "pjmsvf76d5ywtilmrpcr46qrm51506fu", 
    "model": "sessions.session", 
    "fields": {
        "expire_date": "2014-04-16T05:40:22.039Z", 
        "session_data": "OWFjNmNhYzQ5ZDg4MDNiNDY5MjhhODAxMjJhODUwNTgxODI3Yjc1Zjp7Il9hdXRoX3VzZXJfYmFja2VuZCI6Im1lenphbmluZS5jb3JlLmF1dGhfYmFja2VuZHMuTWV6emFuaW5lQmFja2VuZCIsIl9hdXRoX3VzZXJfaWQiOjF9"
    }
},
{
    "pk": "qnkob2bg1pjo17tzmrnd4dhuruee2zfy", 
    "model": "sessions.session", 
    "fields": {
        "expire_date": "2014-11-11T19:58:55.472Z", 
        "session_data": "OWFjNmNhYzQ5ZDg4MDNiNDY5MjhhODAxMjJhODUwNTgxODI3Yjc1Zjp7Il9hdXRoX3VzZXJfYmFja2VuZCI6Im1lenphbmluZS5jb3JlLmF1dGhfYmFja2VuZHMuTWV6emFuaW5lQmFja2VuZCIsIl9hdXRoX3VzZXJfaWQiOjF9"
    }
},
{
    "pk": "qqq29s0r9y7733hybjontsa2euaty4m4", 
    "model": "sessions.session", 
    "fields": {
        "expire_date": "2014-12-16T15:53:34.334Z", 
        "session_data": "OWFjNmNhYzQ5ZDg4MDNiNDY5MjhhODAxMjJhODUwNTgxODI3Yjc1Zjp7Il9hdXRoX3VzZXJfYmFja2VuZCI6Im1lenphbmluZS5jb3JlLmF1dGhfYmFja2VuZHMuTWV6emFuaW5lQmFja2VuZCIsIl9hdXRoX3VzZXJfaWQiOjF9"
    }
},
{
    "pk": "qsui9u2p1wqtkgxgakhz00goj6aqsqd7", 
    "model": "sessions.session", 
    "fields": {
        "expire_date": "2014-06-06T23:50:09.405Z", 
        "session_data": "OWFjNmNhYzQ5ZDg4MDNiNDY5MjhhODAxMjJhODUwNTgxODI3Yjc1Zjp7Il9hdXRoX3VzZXJfYmFja2VuZCI6Im1lenphbmluZS5jb3JlLmF1dGhfYmFja2VuZHMuTWV6emFuaW5lQmFja2VuZCIsIl9hdXRoX3VzZXJfaWQiOjF9"
    }
},
{
    "pk": "rimuz50zq7u7gkkgot2j52l2m0cgdty8", 
    "model": "sessions.session", 
    "fields": {
        "expire_date": "2014-06-05T20:02:19.273Z", 
        "session_data": "OWFjNmNhYzQ5ZDg4MDNiNDY5MjhhODAxMjJhODUwNTgxODI3Yjc1Zjp7Il9hdXRoX3VzZXJfYmFja2VuZCI6Im1lenphbmluZS5jb3JlLmF1dGhfYmFja2VuZHMuTWV6emFuaW5lQmFja2VuZCIsIl9hdXRoX3VzZXJfaWQiOjF9"
    }
},
{
    "pk": "sxjg10v2erzhde52prmuhiakske9dctl", 
    "model": "sessions.session", 
    "fields": {
        "expire_date": "2014-12-17T16:22:46.871Z", 
        "session_data": "OWFjNmNhYzQ5ZDg4MDNiNDY5MjhhODAxMjJhODUwNTgxODI3Yjc1Zjp7Il9hdXRoX3VzZXJfYmFja2VuZCI6Im1lenphbmluZS5jb3JlLmF1dGhfYmFja2VuZHMuTWV6emFuaW5lQmFja2VuZCIsIl9hdXRoX3VzZXJfaWQiOjF9"
    }
},
{
    "pk": "tsdd9drb9ku8lpnxql688tikn4cb09pk", 
    "model": "sessions.session", 
    "fields": {
        "expire_date": "2014-06-12T06:12:50.980Z", 
        "session_data": "OWFjNmNhYzQ5ZDg4MDNiNDY5MjhhODAxMjJhODUwNTgxODI3Yjc1Zjp7Il9hdXRoX3VzZXJfYmFja2VuZCI6Im1lenphbmluZS5jb3JlLmF1dGhfYmFja2VuZHMuTWV6emFuaW5lQmFja2VuZCIsIl9hdXRoX3VzZXJfaWQiOjF9"
    }
},
{
    "pk": "twqma5wczzssv7pbc8wvur8z5w9fr67s", 
    "model": "sessions.session", 
    "fields": {
        "expire_date": "2015-02-04T08:26:33.734Z", 
        "session_data": "OWFjNmNhYzQ5ZDg4MDNiNDY5MjhhODAxMjJhODUwNTgxODI3Yjc1Zjp7Il9hdXRoX3VzZXJfYmFja2VuZCI6Im1lenphbmluZS5jb3JlLmF1dGhfYmFja2VuZHMuTWV6emFuaW5lQmFja2VuZCIsIl9hdXRoX3VzZXJfaWQiOjF9"
    }
},
{
    "pk": "ueaz50kzz2utfk50vdvsiu8ety64yiv4", 
    "model": "sessions.session", 
    "fields": {
        "expire_date": "2014-11-11T15:57:34.574Z", 
        "session_data": "OWFjNmNhYzQ5ZDg4MDNiNDY5MjhhODAxMjJhODUwNTgxODI3Yjc1Zjp7Il9hdXRoX3VzZXJfYmFja2VuZCI6Im1lenphbmluZS5jb3JlLmF1dGhfYmFja2VuZHMuTWV6emFuaW5lQmFja2VuZCIsIl9hdXRoX3VzZXJfaWQiOjF9"
    }
},
{
    "pk": "ufaf192mu5o4svepv8khbtw7up57jmev", 
    "model": "sessions.session", 
    "fields": {
        "expire_date": "2014-11-11T01:33:27.686Z", 
        "session_data": "OWFjNmNhYzQ5ZDg4MDNiNDY5MjhhODAxMjJhODUwNTgxODI3Yjc1Zjp7Il9hdXRoX3VzZXJfYmFja2VuZCI6Im1lenphbmluZS5jb3JlLmF1dGhfYmFja2VuZHMuTWV6emFuaW5lQmFja2VuZCIsIl9hdXRoX3VzZXJfaWQiOjF9"
    }
},
{
    "pk": "uffbkk1g98wnivo621ory9d2f4pnqhqs", 
    "model": "sessions.session", 
    "fields": {
        "expire_date": "2014-06-12T18:43:35.686Z", 
        "session_data": "OWFjNmNhYzQ5ZDg4MDNiNDY5MjhhODAxMjJhODUwNTgxODI3Yjc1Zjp7Il9hdXRoX3VzZXJfYmFja2VuZCI6Im1lenphbmluZS5jb3JlLmF1dGhfYmFja2VuZHMuTWV6emFuaW5lQmFja2VuZCIsIl9hdXRoX3VzZXJfaWQiOjF9"
    }
},
{
    "pk": "uv28aiyjdbe9x2m1hwfv8puorsxucw0a", 
    "model": "sessions.session", 
    "fields": {
        "expire_date": "2014-05-01T23:30:54.785Z", 
        "session_data": "OWFjNmNhYzQ5ZDg4MDNiNDY5MjhhODAxMjJhODUwNTgxODI3Yjc1Zjp7Il9hdXRoX3VzZXJfYmFja2VuZCI6Im1lenphbmluZS5jb3JlLmF1dGhfYmFja2VuZHMuTWV6emFuaW5lQmFja2VuZCIsIl9hdXRoX3VzZXJfaWQiOjF9"
    }
},
{
    "pk": "vrdyf3gqamqz5ova7gnb6o7dtng0xboe", 
    "model": "sessions.session", 
    "fields": {
        "expire_date": "2014-12-16T22:39:14.112Z", 
        "session_data": "OWFjNmNhYzQ5ZDg4MDNiNDY5MjhhODAxMjJhODUwNTgxODI3Yjc1Zjp7Il9hdXRoX3VzZXJfYmFja2VuZCI6Im1lenphbmluZS5jb3JlLmF1dGhfYmFja2VuZHMuTWV6emFuaW5lQmFja2VuZCIsIl9hdXRoX3VzZXJfaWQiOjF9"
    }
},
{
    "pk": "wbs8gjvtixz3fighvc0kcnsl35ci4jda", 
    "model": "sessions.session", 
    "fields": {
        "expire_date": "2014-05-15T19:42:17.218Z", 
        "session_data": "OWFjNmNhYzQ5ZDg4MDNiNDY5MjhhODAxMjJhODUwNTgxODI3Yjc1Zjp7Il9hdXRoX3VzZXJfYmFja2VuZCI6Im1lenphbmluZS5jb3JlLmF1dGhfYmFja2VuZHMuTWV6emFuaW5lQmFja2VuZCIsIl9hdXRoX3VzZXJfaWQiOjF9"
    }
},
{
    "pk": "xoitkf7krj4gszfusbesfbel2kmjvv9k", 
    "model": "sessions.session", 
    "fields": {
        "expire_date": "2014-05-22T02:06:30.213Z", 
        "session_data": "OWFjNmNhYzQ5ZDg4MDNiNDY5MjhhODAxMjJhODUwNTgxODI3Yjc1Zjp7Il9hdXRoX3VzZXJfYmFja2VuZCI6Im1lenphbmluZS5jb3JlLmF1dGhfYmFja2VuZHMuTWV6emFuaW5lQmFja2VuZCIsIl9hdXRoX3VzZXJfaWQiOjF9"
    }
},
{
    "pk": "yqnr191bse9d1szs39tfknu6qoea70gu", 
    "model": "sessions.session", 
    "fields": {
        "expire_date": "2014-04-16T07:10:11.220Z", 
        "session_data": "OWFjNmNhYzQ5ZDg4MDNiNDY5MjhhODAxMjJhODUwNTgxODI3Yjc1Zjp7Il9hdXRoX3VzZXJfYmFja2VuZCI6Im1lenphbmluZS5jb3JlLmF1dGhfYmFja2VuZHMuTWV6emFuaW5lQmFja2VuZCIsIl9hdXRoX3VzZXJfaWQiOjF9"
    }
},
{
    "pk": "zs7mtsfhu4r2tazbbpnq2tf1ugggokri", 
    "model": "sessions.session", 
    "fields": {
        "expire_date": "2014-05-15T18:33:01.410Z", 
        "session_data": "OWFjNmNhYzQ5ZDg4MDNiNDY5MjhhODAxMjJhODUwNTgxODI3Yjc1Zjp7Il9hdXRoX3VzZXJfYmFja2VuZCI6Im1lenphbmluZS5jb3JlLmF1dGhfYmFja2VuZHMuTWV6emFuaW5lQmFja2VuZCIsIl9hdXRoX3VzZXJfaWQiOjF9"
    }
},
{
    "pk": 1, 
    "model": "sites.site", 
    "fields": {
        "domain": "127.0.0.1:8000", 
        "name": "Default"
    }
},
{
    "pk": 1, 
    "model": "conf.setting", 
    "fields": {
        "site": 1, 
        "value": "", 
        "name": "GOOGLE_ANALYTICS_ID"
    }
},
{
    "pk": 2, 
    "model": "conf.setting", 
    "fields": {
        "site": 1, 
        "value": "10", 
        "name": "SEARCH_PER_PAGE"
    }
},
{
    "pk": 3, 
    "model": "conf.setting", 
    "fields": {
        "site": 1, 
        "value": "5", 
        "name": "COMMENTS_NUM_LATEST"
    }
},
{
    "pk": 4, 
    "model": "conf.setting", 
    "fields": {
        "site": 1, 
        "value": "FI1ujlcabMqVQR3VceFFvyT7371kzWDDungA5pwCAI", 
        "name": "TWITTER_CONSUMER_SECRET"
    }
},
{
    "pk": 5, 
    "model": "conf.setting", 
    "fields": {
        "site": 1, 
        "value": "True", 
        "name": "COMMENTS_UNAPPROVED_VISIBLE"
    }
},
{
    "pk": 6, 
    "model": "conf.setting", 
    "fields": {
        "site": 1, 
        "value": "search", 
        "name": "TWITTER_DEFAULT_QUERY_TYPE"
    }
},
{
    "pk": 7, 
    "model": "conf.setting", 
    "fields": {
        "site": 1, 
        "value": "True", 
        "name": "COMMENTS_REMOVED_VISIBLE"
    }
},
{
    "pk": 8, 
    "model": "conf.setting", 
    "fields": {
        "site": 1, 
        "value": "3", 
        "name": "TWITTER_DEFAULT_NUM_TWEETS"
    }
},
{
    "pk": 9, 
    "model": "conf.setting", 
    "fields": {
        "site": 1, 
        "value": "", 
        "name": "BITLY_ACCESS_TOKEN"
    }
},
{
    "pk": 10, 
    "model": "conf.setting", 
    "fields": {
        "site": 1, 
        "value": "False", 
        "name": "SSL_ENABLED"
    }
},
{
    "pk": 11, 
    "model": "conf.setting", 
    "fields": {
        "site": 1, 
        "value": "1jh3GD9HaLyvWjwKNOTqGocKokORZkY4Anxp8LaGlJIaO", 
        "name": "TWITTER_ACCESS_TOKEN_SECRET"
    }
},
{
    "pk": 12, 
    "model": "conf.setting", 
    "fields": {
        "site": 1, 
        "value": "True", 
        "name": "COMMENTS_DEFAULT_APPROVED"
    }
},
{
    "pk": 13, 
    "model": "conf.setting", 
    "fields": {
        "site": 1, 
        "value": "188215455-IQsDhvSJzna1o3pfE0wYObEhB7aWyinmTT0cjgm4", 
        "name": "TWITTER_ACCESS_TOKEN_KEY"
    }
},
{
    "pk": 14, 
    "model": "conf.setting", 
    "fields": {
        "site": 1, 
        "value": "from:lancy0511 NSF TEETH", 
        "name": "TWITTER_DEFAULT_QUERY"
    }
},
{
    "pk": 15, 
    "model": "conf.setting", 
    "fields": {
        "site": 1, 
        "value": "5", 
        "name": "BLOG_POST_PER_PAGE"
    }
},
{
    "pk": 16, 
    "model": "conf.setting", 
    "fields": {
        "site": 1, 
        "value": "", 
        "name": "COMMENTS_NOTIFICATION_EMAILS"
    }
},
{
    "pk": 17, 
    "model": "conf.setting", 
    "fields": {
        "site": 1, 
        "value": "", 
        "name": "COMMENTS_DISQUS_API_PUBLIC_KEY"
    }
},
{
    "pk": 18, 
    "model": "conf.setting", 
    "fields": {
        "site": 1, 
        "value": "", 
        "name": "COMMENTS_DISQUS_API_SECRET_KEY"
    }
},
{
    "pk": 19, 
    "model": "conf.setting", 
    "fields": {
        "site": 1, 
        "value": "5mFjmS7FJ9m59CGAPl6JEA", 
        "name": "TWITTER_CONSUMER_KEY"
    }
},
{
    "pk": 20, 
    "model": "conf.setting", 
    "fields": {
        "site": 1, 
        "value": "False", 
        "name": "COMMENTS_ACCOUNT_REQUIRED"
    }
},
{
    "pk": 21, 
    "model": "conf.setting", 
    "fields": {
        "site": 1, 
        "value": "10", 
        "name": "MAX_PAGING_LINKS"
    }
},
{
    "pk": 22, 
    "model": "conf.setting", 
    "fields": {
        "site": 1, 
        "value": "", 
        "name": "AKISMET_API_KEY"
    }
},
{
    "pk": 23, 
    "model": "conf.setting", 
    "fields": {
        "site": 1, 
        "value": "4", 
        "name": "TAG_CLOUD_SIZES"
    }
},
{
    "pk": 24, 
    "model": "conf.setting", 
    "fields": {
        "site": 1, 
        "value": "", 
        "name": "COMMENTS_DISQUS_SHORTNAME"
    }
},
{
    "pk": 25, 
    "model": "conf.setting", 
    "fields": {
        "site": 1, 
        "value": "", 
        "name": "SSL_FORCE_HOST"
    }
},
{
    "pk": 26, 
    "model": "conf.setting", 
    "fields": {
        "site": 1, 
        "value": "False", 
        "name": "RATINGS_ACCOUNT_REQUIRED"
    }
},
{
    "pk": 1, 
    "model": "blog.blogpost", 
    "fields": {
        "related_posts": [], 
        "short_url": null, 
        "site": 1, 
        "keywords_string": "", 
        "in_sitemap": true, 
        "featured_image": "", 
        "title": "To Do List", 
        "content": "## Notes for \"To Do\"  Lists##\r\n\r\n<br>\r\n 1. Install tiles for map. <br>\r\nHere are possible  [plugings for tiles][1]<br>\r\n 2. Genealogy view.<br>\r\n[Template Example][2]\r\n\r\n\r\n  [1]: https://github.com/leaflet-extras/leaflet-providers\r\n  [2]: http://www.familyecho.com/#edit:START", 
        "rating_sum": 0, 
        "rating_count": 0, 
        "categories": [], 
        "publish_date": "2014-03-06T02:21:20Z", 
        "status": 2, 
        "updated": "2014-03-10T22:06:02.906Z", 
        "description": "Notes for \"To Do\"  Lists\n\n 1. Install tiles for map. \nHere are possible  plugings for tiles\n 2. Genealogy view.\nTemplate Example", 
        "rating_average": 0.0, 
        "expiry_date": null, 
        "user": 1, 
        "slug": "test-blog", 
        "gen_description": true, 
        "allow_comments": true, 
        "created": "2014-03-06T02:21:31.336Z", 
        "_meta_title": "", 
        "comments_count": 0
    }
},
{
    "pk": 2, 
    "model": "blog.blogpost", 
    "fields": {
        "related_posts": [], 
        "short_url": "http://127.0.0.1:8000/blog/install-aapceh/", 
        "site": 1, 
        "keywords_string": "", 
        "in_sitemap": true, 
        "featured_image": "", 
        "title": "System Installation", 
        "content": "## GEO Django ##\nThis is a system installation guide for windows OS.<br>\n\n - Server: Aapche 2.2\n - Database: Postgres SQL 9.x\n\nPlease follow GeoDjango on Windows to setup the system:<br>\n[GeoDjango Installation Guide][1]\n<br>**Note:** please choose apaceh while installing OSGeo4W.\n<br>\n\n - Install Shapely\n\nDownload Shapely from [here][2]. Install it through easy_isntall\n<div class=\"codehilite\">\neasy_install Shapely-13.0.win32-py2.7.exe\n</div>\n\n - Apache with WSGI\n\nIf you want to start an Apache server with WSGI, please remember to collect static files into the local server location.\n<div class=\"codehilite\">\npython manage.py collectstatic\n</div>\n\n## Postgres SQL ##\n<br>\n\n - GEO Spatial Template database\n\nYou need to create a template database for geo-spatial template database. Here is the \n[Tutorial][3]\n \n - Create a role\n\nLog into the psql terminal. \nType in following codes\n<div class=\"codehilite\">\ncreate role cchuang6 with login encrypted password 'yourpassword';\n</div>\n<br>\n\n - Create a database from template\n\n<div class=\"codehilite\">\ncreatedb -U postgres -O cchuang6 -T template_postgis NSF_TEETH\n</div>\n\n## WSGI ##\nIn order to use django with apche, a module to host a Python application should be installed under the Apache server. The following installation guide is for windows system.\n\n - Download a [mod_wsgi ][4] for the corresponded version of Apache and Python\n - Copy the mod_wsgi.so file into the Apache module folder. If you install Apache through OSGeo4W installer with default settings, the module folder should be *C:\\OSGeo4W\\apache\\modules*\n - Configure Appache. Open httpd.conf under ~$(Apache_Home)\\conf\\httpd.conf. Add the mod_wsgi.so:\n\n\n\n<div class=\"codehilite\">\n# Example:<br>\n# LoadModule foo_module modules/mod_foo.so<br>\n#<br>\nLoadModule wsgi_module modules/mod_wsgi.so\n</div>\n<br>\nAt the end of httpd.conf, include wsgi.conf. For example:\n<div class = \"codehilite\">\nInclude \"C:/Teeth_Project/site_dev2/apache/wsgi.conf\"\n</div>\nFor more configuration of wsgi, please see the [document of Python WSGI adapter module.][5]\n\n\n  [1]: https://docs.djangoproject.com/en/1.5/ref/contrib/gis/install/\n  [2]: http://www.lfd.uci.edu/~gohlke/pythonlibs/#shapely\n  [3]: https://docs.djangoproject.com/en/dev/ref/contrib/gis/install/postgis/#spatialdb-template-earlier\n  [4]: http://www.lfd.uci.edu/~gohlke/pythonlibs/#mod_wsgi\n  [5]: https://modwsgi.googlecode.com/files/mod_wsgi-pycon-sydney-2010.pdf", 
        "rating_sum": 0, 
        "rating_count": 0, 
        "categories": [
            1
        ], 
        "publish_date": "2014-03-10T21:22:12Z", 
        "status": 2, 
        "updated": "2015-01-22T20:35:34.385Z", 
        "description": "GEO Django\nThis is a system installation guide for windows OS.", 
        "rating_average": 0.0, 
        "expiry_date": null, 
        "user": 1, 
        "slug": "install-aapceh", 
        "gen_description": true, 
        "allow_comments": true, 
        "created": "2014-03-10T21:25:54.201Z", 
        "_meta_title": "", 
        "comments_count": 0
    }
},
{
    "pk": 1, 
    "model": "blog.blogcategory", 
    "fields": {
        "slug": "system-configuration", 
        "site": 1, 
        "title": "System Configuration"
    }
},
{
    "pk": 3, 
    "model": "forms.form", 
    "fields": {
        "email_message": "", 
        "email_copies": "", 
        "button_text": "Submit", 
        "response": "<p>Thanks for getting in touch with us. We'll get back to you as soon as possible.</p>", 
        "content": "<p>Fill in the form below to get in touch with us.</p>", 
        "send_email": true, 
        "email_subject": "", 
        "email_from": ""
    }
},
{
    "pk": 1, 
    "model": "forms.field", 
    "fields": {
        "field_type": 1, 
        "_order": 0, 
        "form": 3, 
        "default": "", 
        "required": true, 
        "label": "Name", 
        "visible": true, 
        "help_text": "", 
        "placeholder_text": "", 
        "choices": ""
    }
},
{
    "pk": 2, 
    "model": "forms.field", 
    "fields": {
        "field_type": 3, 
        "_order": 1, 
        "form": 3, 
        "default": "", 
        "required": true, 
        "label": "Email", 
        "visible": true, 
        "help_text": "", 
        "placeholder_text": "", 
        "choices": ""
    }
},
{
    "pk": 3, 
    "model": "forms.field", 
    "fields": {
        "field_type": 6, 
        "_order": 2, 
        "form": 3, 
        "default": "", 
        "required": true, 
        "label": "Subject", 
        "visible": true, 
        "help_text": "", 
        "placeholder_text": "", 
        "choices": "Billing, Sales, Support"
    }
},
{
    "pk": 4, 
    "model": "forms.field", 
    "fields": {
        "field_type": 2, 
        "_order": 3, 
        "form": 3, 
        "default": "", 
        "required": true, 
        "label": "Message", 
        "visible": true, 
        "help_text": "", 
        "placeholder_text": "", 
        "choices": ""
    }
},
{
    "pk": 1, 
    "model": "forms.formentry", 
    "fields": {
        "entry_time": "2014-03-05T00:57:39.208Z", 
        "form": 3
    }
},
{
    "pk": 2, 
    "model": "forms.formentry", 
    "fields": {
        "entry_time": "2014-03-05T01:06:26.658Z", 
        "form": 3
    }
},
{
    "pk": 3, 
    "model": "forms.formentry", 
    "fields": {
        "entry_time": "2014-03-05T01:08:53.084Z", 
        "form": 3
    }
},
{
    "pk": 4, 
    "model": "forms.formentry", 
    "fields": {
        "entry_time": "2014-03-05T01:11:08.551Z", 
        "form": 3
    }
},
{
    "pk": 5, 
    "model": "forms.formentry", 
    "fields": {
        "entry_time": "2014-03-05T01:13:27.582Z", 
        "form": 3
    }
},
{
    "pk": 1, 
    "model": "forms.fieldentry", 
    "fields": {
        "entry": 1, 
        "field_id": 1, 
        "value": "Tester"
    }
},
{
    "pk": 2, 
    "model": "forms.fieldentry", 
    "fields": {
        "entry": 1, 
        "field_id": 2, 
        "value": "lancy0511@hotmail.com"
    }
},
{
    "pk": 3, 
    "model": "forms.fieldentry", 
    "fields": {
        "entry": 1, 
        "field_id": 3, 
        "value": "Billing"
    }
},
{
    "pk": 4, 
    "model": "forms.fieldentry", 
    "fields": {
        "entry": 1, 
        "field_id": 4, 
        "value": "Test haha"
    }
},
{
    "pk": 5, 
    "model": "forms.fieldentry", 
    "fields": {
        "entry": 2, 
        "field_id": 1, 
        "value": "Tester 2"
    }
},
{
    "pk": 6, 
    "model": "forms.fieldentry", 
    "fields": {
        "entry": 2, 
        "field_id": 2, 
        "value": "cchuang6@asu.edu"
    }
},
{
    "pk": 7, 
    "model": "forms.fieldentry", 
    "fields": {
        "entry": 2, 
        "field_id": 3, 
        "value": "Sales"
    }
},
{
    "pk": 8, 
    "model": "forms.fieldentry", 
    "fields": {
        "entry": 2, 
        "field_id": 4, 
        "value": "Test"
    }
},
{
    "pk": 9, 
    "model": "forms.fieldentry", 
    "fields": {
        "entry": 3, 
        "field_id": 1, 
        "value": "test 3"
    }
},
{
    "pk": 10, 
    "model": "forms.fieldentry", 
    "fields": {
        "entry": 3, 
        "field_id": 2, 
        "value": "cchuang6@asu.edu"
    }
},
{
    "pk": 11, 
    "model": "forms.fieldentry", 
    "fields": {
        "entry": 3, 
        "field_id": 3, 
        "value": "Support"
    }
},
{
    "pk": 12, 
    "model": "forms.fieldentry", 
    "fields": {
        "entry": 3, 
        "field_id": 4, 
        "value": "Does it work?"
    }
},
{
    "pk": 13, 
    "model": "forms.fieldentry", 
    "fields": {
        "entry": 4, 
        "field_id": 1, 
        "value": "Tester 4"
    }
},
{
    "pk": 14, 
    "model": "forms.fieldentry", 
    "fields": {
        "entry": 4, 
        "field_id": 2, 
        "value": "lancy0511@hotmail.com"
    }
},
{
    "pk": 15, 
    "model": "forms.fieldentry", 
    "fields": {
        "entry": 4, 
        "field_id": 3, 
        "value": "Sales"
    }
},
{
    "pk": 16, 
    "model": "forms.fieldentry", 
    "fields": {
        "entry": 4, 
        "field_id": 4, 
        "value": "It does not work"
    }
},
{
    "pk": 17, 
    "model": "forms.fieldentry", 
    "fields": {
        "entry": 5, 
        "field_id": 1, 
        "value": "Tester 2"
    }
},
{
    "pk": 18, 
    "model": "forms.fieldentry", 
    "fields": {
        "entry": 5, 
        "field_id": 2, 
        "value": "test@asu.edu"
    }
},
{
    "pk": 19, 
    "model": "forms.fieldentry", 
    "fields": {
        "entry": 5, 
        "field_id": 3, 
        "value": "Sales"
    }
},
{
    "pk": 20, 
    "model": "forms.fieldentry", 
    "fields": {
        "entry": 5, 
        "field_id": 4, 
        "value": "test test@asu.edu"
    }
},
{
    "pk": 1, 
    "model": "pages.page", 
    "fields": {
        "status": 2, 
        "login_required": false, 
        "updated": "2014-03-10T22:00:28.714Z", 
        "_order": 2, 
        "titles": "Blog", 
        "description": "Blog", 
        "parent": null, 
        "title": "Blog", 
        "short_url": null, 
        "created": null, 
        "site": 1, 
        "in_sitemap": true, 
        "keywords_string": "", 
        "_meta_title": "", 
        "expiry_date": null, 
        "publish_date": "2014-03-07T02:55:29Z", 
        "content_model": "richtextpage", 
        "in_menus": "1,2,3", 
        "slug": "blog", 
        "gen_description": true
    }
},
{
    "pk": 2, 
    "model": "pages.page", 
    "fields": {
        "status": 2, 
        "login_required": false, 
        "updated": null, 
        "_order": 1, 
        "titles": "About", 
        "description": "About us", 
        "parent": null, 
        "title": "About", 
        "short_url": null, 
        "created": null, 
        "site": 1, 
        "in_sitemap": true, 
        "keywords_string": "", 
        "_meta_title": null, 
        "expiry_date": null, 
        "publish_date": null, 
        "content_model": "richtextpage", 
        "in_menus": "1,2,3", 
        "slug": "about", 
        "gen_description": true
    }
},
{
    "pk": 3, 
    "model": "pages.page", 
    "fields": {
        "status": 2, 
        "login_required": false, 
        "updated": null, 
        "_order": 4, 
        "titles": "Contact", 
        "description": "Fill in the form below to get in touch with us.", 
        "parent": null, 
        "title": "Contact", 
        "short_url": null, 
        "created": null, 
        "site": 1, 
        "in_sitemap": true, 
        "keywords_string": "", 
        "_meta_title": null, 
        "expiry_date": null, 
        "publish_date": null, 
        "content_model": "form", 
        "in_menus": "1,2,3", 
        "slug": "contact", 
        "gen_description": true
    }
},
{
    "pk": 4, 
    "model": "pages.page", 
    "fields": {
        "status": 2, 
        "login_required": false, 
        "updated": "2014-03-06T08:26:49.479Z", 
        "_order": 0, 
        "titles": "About / Team", 
        "description": "", 
        "parent": 2, 
        "title": "Team", 
        "short_url": null, 
        "created": null, 
        "site": 1, 
        "in_sitemap": true, 
        "keywords_string": "", 
        "_meta_title": "", 
        "expiry_date": null, 
        "publish_date": "2014-03-05T21:24:03Z", 
        "content_model": "richtextpage", 
        "in_menus": "1", 
        "slug": "about/team", 
        "gen_description": true
    }
},
{
    "pk": 5, 
    "model": "pages.page", 
    "fields": {
        "status": 2, 
        "login_required": false, 
        "updated": null, 
        "_order": 1, 
        "titles": "About / History", 
        "description": "History", 
        "parent": 2, 
        "title": "History", 
        "short_url": null, 
        "created": null, 
        "site": 1, 
        "in_sitemap": true, 
        "keywords_string": "", 
        "_meta_title": null, 
        "expiry_date": null, 
        "publish_date": null, 
        "content_model": "richtextpage", 
        "in_menus": "1,2,3", 
        "slug": "about/history", 
        "gen_description": true
    }
},
{
    "pk": 6, 
    "model": "pages.page", 
    "fields": {
        "status": 2, 
        "login_required": false, 
        "updated": null, 
        "_order": 0, 
        "titles": "Contact / Legals", 
        "description": "Legals", 
        "parent": 3, 
        "title": "Legals", 
        "short_url": null, 
        "created": null, 
        "site": 1, 
        "in_sitemap": true, 
        "keywords_string": "", 
        "_meta_title": null, 
        "expiry_date": null, 
        "publish_date": null, 
        "content_model": "richtextpage", 
        "in_menus": "1,2,3", 
        "slug": "contact/legals", 
        "gen_description": true
    }
},
{
    "pk": 8, 
    "model": "pages.page", 
    "fields": {
        "status": 2, 
        "login_required": false, 
        "updated": "2014-03-04T22:55:40.947Z", 
        "_order": 3, 
        "titles": "Gallery", 
        "description": "A demo gallery of cities from around the world.", 
        "parent": null, 
        "title": "Gallery", 
        "short_url": null, 
        "created": null, 
        "site": 1, 
        "in_sitemap": true, 
        "keywords_string": "", 
        "_meta_title": null, 
        "expiry_date": null, 
        "publish_date": "2014-03-04T22:55:40.589Z", 
        "content_model": "gallery", 
        "in_menus": "1,2,3", 
        "slug": "gallery", 
        "gen_description": true
    }
},
{
    "pk": 10, 
    "model": "pages.page", 
    "fields": {
        "status": 2, 
        "login_required": false, 
        "updated": "2014-04-03T20:24:28.818Z", 
        "_order": 0, 
        "titles": "Home", 
        "description": "\n\nThis is home\nhere is the home page\nYou can edit it as you want", 
        "parent": null, 
        "title": "Home", 
        "short_url": null, 
        "created": "2014-03-05T03:59:54.033Z", 
        "site": 1, 
        "in_sitemap": true, 
        "keywords_string": "", 
        "_meta_title": "", 
        "expiry_date": null, 
        "publish_date": "2014-03-05T03:59:54Z", 
        "content_model": "richtextpage", 
        "in_menus": "1", 
        "slug": "/", 
        "gen_description": true
    }
},
{
    "pk": 16, 
    "model": "pages.page", 
    "fields": {
        "status": 2, 
        "login_required": false, 
        "updated": "2014-03-07T01:05:17.796Z", 
        "_order": 5, 
        "titles": "Map", 
        "description": "Map", 
        "parent": null, 
        "title": "Map", 
        "short_url": null, 
        "created": "2014-03-07T01:05:17.796Z", 
        "site": 1, 
        "in_sitemap": true, 
        "keywords_string": "", 
        "_meta_title": "", 
        "expiry_date": null, 
        "publish_date": "2014-03-07T01:05:17.793Z", 
        "content_model": "mappage", 
        "in_menus": "1,2,3", 
        "slug": "map", 
        "gen_description": true
    }
},
{
    "pk": 2, 
    "model": "pages.richtextpage", 
    "fields": {
        "content": "<p>About us</p>"
    }
},
{
    "pk": 5, 
    "model": "pages.richtextpage", 
    "fields": {
        "content": "<p>History</p>"
    }
},
{
    "pk": 4, 
    "model": "pages.richtextpage", 
    "fields": {
        "content": "<hr/>\n<table>\n   <tr><td colspan=\"2\"> <b>PI: Christopher Stojanowski</b><br/> <br/></td></tr>\n   <tr>\n      <td><img src=\"/static/media/uploads/galleries/photos/christopher.jpg\" alt=\"Christopher Stojanowski\"></td>\n      <td>Christopher Bio</td>\n   </tr>\n</table>\n<hr/>\n<table>\n   <tr><td colspan=\"2\"> <b>CO-PI: John Femiani</b><br/> <br/></td></tr>\n   <tr>\n      <td><img src=\"/static/media/uploads/galleries/photos/john_femiani.jpg\" alt=\"John Femiani\"></td>\n      <td>John Bio</td>\n   </tr>\n</table>\n<hr/>\n<table>\n   <tr><td colspan=\"2\"> <b>Web Developer: Chia-Yuan Chuang</b><br/> <br/></td></tr>\n   <tr>\n      <td><img src=\"/static/media/uploads/galleries/photos/chiayuan.jpg\" alt=\"Chia-Yuan Chuang\"></td>\n      <td>Chia Bio</td>\n   </tr>\n</table>\n<hr/>\n<table>\n   <tr><td colspan=\"2\"> <b>Faculty Associate: Kathleen Paul</b><br/> <br/></td></tr>\n   <tr>\n      <td><img src=\"/static/media/uploads/galleries/photos/kathleen_paul.jpg\" alt=\"Kathleen Paul\"></td>\n      <td>Kathleen Bio</td>\n   </tr>\n</table>\n"
    }
},
{
    "pk": 1, 
    "model": "pages.richtextpage", 
    "fields": {
        "content": "<p>Blog</p>"
    }
},
{
    "pk": 6, 
    "model": "pages.richtextpage", 
    "fields": {
        "content": "<p>Legals</p>"
    }
},
{
    "pk": 10, 
    "model": "pages.richtextpage", 
    "fields": {
        "content": "<hr>\n\nThis is home\nhere is the home page\nYou can edit it as you want"
    }
},
{
    "pk": 8, 
    "model": "galleries.gallery", 
    "fields": {
        "content": "<p>A demo gallery of cities from around the world.</p>", 
        "zip_import": ""
    }
},
{
    "pk": 1, 
    "model": "twitter.query", 
    "fields": {
        "interested": false, 
        "type": "search", 
        "value": "from:stephen_mcd mezzanine"
    }
},
{
    "pk": 2, 
    "model": "twitter.query", 
    "fields": {
        "interested": true, 
        "type": "search", 
        "value": "from:lancy0511 NSF TEETH"
    }
},
{
    "pk": 3, 
    "model": "twitter.query", 
    "fields": {
        "interested": false, 
        "type": "search", 
        "value": "NSF TEETH"
    }
},
{
    "pk": 4, 
    "model": "twitter.query", 
    "fields": {
        "interested": false, 
        "type": "search", 
        "value": "@lancy0511 NSF TEETH"
    }
},
{
    "pk": 5, 
    "model": "twitter.query", 
    "fields": {
        "interested": false, 
        "type": "search", 
        "value": "@lancy0511"
    }
},
{
    "pk": 6, 
    "model": "twitter.query", 
    "fields": {
        "interested": false, 
        "type": "search", 
        "value": "3D"
    }
},
{
    "pk": 7, 
    "model": "twitter.query", 
    "fields": {
        "interested": false, 
        "type": "search", 
        "value": "@stbecerra 3D"
    }
},
{
    "pk": 8, 
    "model": "twitter.query", 
    "fields": {
        "interested": false, 
        "type": "search", 
        "value": "from:lancy0511"
    }
},
{
    "pk": 9, 
    "model": "twitter.query", 
    "fields": {
        "interested": false, 
        "type": "search", 
        "value": "TEETH"
    }
},
{
    "pk": 10, 
    "model": "twitter.query", 
    "fields": {
        "interested": false, 
        "type": "search", 
        "value": "@KVDERS TEETH"
    }
},
{
    "pk": 11, 
    "model": "twitter.query", 
    "fields": {
        "interested": false, 
        "type": "search", 
        "value": "from:KVDERS TEETH"
    }
},
{
    "pk": 12, 
    "model": "twitter.query", 
    "fields": {
        "interested": false, 
        "type": "search", 
        "value": "from:lancy0511 TEETH"
    }
},
{
    "pk": 1, 
    "model": "twitter.tweet", 
    "fields": {
        "retweeter_profile_image_url": null, 
        "text": "UX siege on Mezzanine's admin continues with a default stylesheet for wysiwyg editing (bonus ironic example): <a href=\"http://t.co/ngha7pkDRQ\">http://t.co/ngha7pkDRQ</a> <a href=\"http://twitter.com/search?q=%23django\">#django</a>", 
        "created_at": "2014-03-03T23:14:30Z", 
        "remote_id": "440626299074142208", 
        "retweeter_user_name": null, 
        "profile_image_url": "http://pbs.twimg.com/profile_images/378800000785660544/c0d91874a83ba404e77598720697d935_normal.jpeg", 
        "full_name": "Stephen McDonald", 
        "query": 1, 
        "user_name": "stephen_mcd", 
        "retweeter_full_name": null
    }
},
{
    "pk": 2, 
    "model": "twitter.tweet", 
    "fields": {
        "retweeter_profile_image_url": null, 
        "text": "<a href=\"http://twitter.com/D_Naish\">@D_Naish</a> there's a ton of work going into enhancing Mezzanine's admin right now: <a href=\"http://t.co/llk24ptYXs\">http://t.co/llk24ptYXs</a>", 
        "created_at": "2014-03-03T20:15:24Z", 
        "remote_id": "440581226168983552", 
        "retweeter_user_name": null, 
        "profile_image_url": "http://pbs.twimg.com/profile_images/378800000785660544/c0d91874a83ba404e77598720697d935_normal.jpeg", 
        "full_name": "Stephen McDonald", 
        "query": 1, 
        "user_name": "stephen_mcd", 
        "retweeter_full_name": null
    }
},
{
    "pk": 3, 
    "model": "twitter.tweet", 
    "fields": {
        "retweeter_profile_image_url": null, 
        "text": "The overhaul of Mezzanine's admin is off the charts: <a href=\"http://t.co/KW3eMaQGYR\">http://t.co/KW3eMaQGYR</a> props to <a href=\"http://twitter.com/joshcartme\">@joshcartme</a> &amp; <a href=\"http://twitter.com/creativewebdev\">@creativewebdev</a> for their efforts <a href=\"http://twitter.com/search?q=%23django\">#django</a>", 
        "created_at": "2014-03-03T00:55:46Z", 
        "remote_id": "440289395141120001", 
        "retweeter_user_name": null, 
        "profile_image_url": "http://pbs.twimg.com/profile_images/378800000785660544/c0d91874a83ba404e77598720697d935_normal.jpeg", 
        "full_name": "Stephen McDonald", 
        "query": 1, 
        "user_name": "stephen_mcd", 
        "retweeter_full_name": null
    }
},
{
    "pk": 4, 
    "model": "twitter.tweet", 
    "fields": {
        "retweeter_profile_image_url": "http://pbs.twimg.com/profile_images/378800000785660544/c0d91874a83ba404e77598720697d935_normal.jpeg", 
        "text": "Anyone wanna take a crack at this? <a href=\"http://twitter.com/search?q=%23django\">#django</a> <a href=\"http://twitter.com/search?q=%23mezzanine\">#mezzanine</a> <a href=\"http://t.co/zqxI6IGA29\">http://t.co/zqxI6IGA29</a>", 
        "created_at": "2014-02-27T22:35:32Z", 
        "remote_id": "439189695600152576", 
        "retweeter_user_name": "stephen_mcd", 
        "profile_image_url": "http://pbs.twimg.com/profile_images/3410925570/d5bac0478c71d1b9e1684594770396b7_normal.jpeg", 
        "full_name": "\u2615 Yes, Have Some", 
        "query": 1, 
        "user_name": "evilchili", 
        "retweeter_full_name": "Stephen McDonald"
    }
},
{
    "pk": 5, 
    "model": "twitter.tweet", 
    "fields": {
        "retweeter_profile_image_url": "http://pbs.twimg.com/profile_images/378800000785660544/c0d91874a83ba404e77598720697d935_normal.jpeg", 
        "text": "Googling multilanguage in mezzanine CMS. Not surprised to find a nice post on <a href=\"http://twitter.com/liip\">@liip</a>'s blog: <a href=\"http://t.co/GSTqJvtuwO\">http://t.co/GSTqJvtuwO</a> <a href=\"http://twitter.com/search?q=%23de\">#de</a> <a href=\"http://twitter.com/search?q=%23it\">#it</a> <a href=\"http://twitter.com/search?q=%23fr\">#fr</a> <a href=\"http://twitter.com/search?q=%23asktheswiss\">#asktheswiss</a>", 
        "created_at": "2014-02-27T12:31:52Z", 
        "remote_id": "439142948341809152", 
        "retweeter_user_name": "stephen_mcd", 
        "profile_image_url": "http://pbs.twimg.com/profile_images/378800000108783498/c76ea7742d0653142fd6607fac47609c_normal.jpeg", 
        "full_name": "Claire Reynaud", 
        "query": 1, 
        "user_name": "ClaireReynaud", 
        "retweeter_full_name": "Stephen McDonald"
    }
},
{
    "pk": 6, 
    "model": "twitter.tweet", 
    "fields": {
        "retweeter_profile_image_url": null, 
        "text": "I cant believe that i just spend 340bucks on my teeth. Wtf was i thinking, eh amy u nsf u know not full-timer. Bodoh kau!", 
        "created_at": "2014-03-05T04:23:06Z", 
        "remote_id": "441066348085772288", 
        "retweeter_user_name": null, 
        "profile_image_url": "http://pbs.twimg.com/profile_images/435571848852803584/v8JB8H7W_normal.jpeg", 
        "full_name": "Suhaimi Amy", 
        "query": 3, 
        "user_name": "amyybammbamm", 
        "retweeter_full_name": null
    }
},
{
    "pk": 7, 
    "model": "twitter.tweet", 
    "fields": {
        "retweeter_profile_image_url": "http://pbs.twimg.com/profile_images/378800000252578711/52f4affc652d4ccf5196934ca24effa6_normal.jpeg", 
        "text": "\u2014Hijo, te compr\u00e9 el nuevo Call of Duty en 3D...\n\u2014Mam\u00e1, esto es un boleto de avi\u00f3n a Afganist\u00e1n.\n\u2014\u00bfTe gustan o no las guerritas, maric\u00f3n?", 
        "created_at": "2013-12-25T21:53:43Z", 
        "remote_id": "441302603708649472", 
        "retweeter_user_name": "MariaBojorge", 
        "profile_image_url": "http://pbs.twimg.com/profile_images/440731947812139009/DuoBjmKI_normal.jpeg", 
        "full_name": "Gaba O Qu\u00e9?", 
        "query": 6, 
        "user_name": "RegaloGatitos", 
        "retweeter_full_name": "Agus"
    }
},
{
    "pk": 8, 
    "model": "twitter.tweet", 
    "fields": {
        "retweeter_profile_image_url": null, 
        "text": "Yummie! 3D Printed Insects <a href=\"http://t.co/h6mVV0qHU1\">http://t.co/h6mVV0qHU1</a> by <a href=\"http://twitter.com/MennovanDoorn\">@MennovanDoorn</a>", 
        "created_at": "2014-03-05T20:01:54Z", 
        "remote_id": "441302603704836097", 
        "retweeter_user_name": null, 
        "profile_image_url": "http://pbs.twimg.com/profile_images/2017759023/inspiration_1-280x260_normal.jpg", 
        "full_name": "VINT | SogetiLabs", 
        "query": 6, 
        "user_name": "VINTlabs", 
        "retweeter_full_name": null
    }
},
{
    "pk": 9, 
    "model": "twitter.tweet", 
    "fields": {
        "retweeter_profile_image_url": null, 
        "text": "Impresi\u00f3n 3D, el tama\u00f1o s\u00ed importa | TICbeat \n\nWow! <a href=\"http://t.co/st0B1wFmjQ\">http://t.co/st0B1wFmjQ</a>", 
        "created_at": "2014-03-05T20:01:53Z", 
        "remote_id": "441302601695756288", 
        "retweeter_user_name": null, 
        "profile_image_url": "http://pbs.twimg.com/profile_images/2206206149/Foto_del_d_a_29-03-12_a_la_s__12.39_normal.jpg", 
        "full_name": "Santi Becerra", 
        "query": 6, 
        "user_name": "stbecerra", 
        "retweeter_full_name": null
    }
},
{
    "pk": 10, 
    "model": "twitter.tweet", 
    "fields": {
        "retweeter_profile_image_url": null, 
        "text": "Escape From Planet Earth (3D) - review and trailer: A cute film that will delight and entertain children and t... <a href=\"http://t.co/XqhfSbXTzf\">http://t.co/XqhfSbXTzf</a>", 
        "created_at": "2014-03-05T20:01:53Z", 
        "remote_id": "441302599195586560", 
        "retweeter_user_name": null, 
        "profile_image_url": "http://pbs.twimg.com/profile_images/430590316471521280/72xSpG___normal.jpeg", 
        "full_name": "Deepali Mahal", 
        "query": 6, 
        "user_name": "DeepaliMahal", 
        "retweeter_full_name": null
    }
},
{
    "pk": 11, 
    "model": "twitter.tweet", 
    "fields": {
        "retweeter_profile_image_url": null, 
        "text": "Escape From Planet Earth (3D) - review and trailer: A cute film that will delight and entertain children and t... <a href=\"http://t.co/GmxBOiynxe\">http://t.co/GmxBOiynxe</a>", 
        "created_at": "2014-03-05T20:01:52Z", 
        "remote_id": "441302597098414081", 
        "retweeter_user_name": null, 
        "profile_image_url": "http://pbs.twimg.com/profile_images/430316195699363840/wh_Fs09J_normal.jpeg", 
        "full_name": "CheshtaMand", 
        "query": 6, 
        "user_name": "CheshtaM", 
        "retweeter_full_name": null
    }
},
{
    "pk": 12, 
    "model": "twitter.tweet", 
    "fields": {
        "retweeter_profile_image_url": null, 
        "text": "Aos Munic\u00edpios, a aten\u00e7\u00e3o: \"<a href=\"http://twitter.com/MoniqueCheker\">@MoniqueCheker</a>: Para <a href=\"http://twitter.com/search?q=%23STF\">#STF</a>, cabe ao <a href=\"http://twitter.com/search?q=%23MPF\">#MPF</a> apurar irregularidades no Minha Casa Minha Vida <a href=\"http://t.co/XehQKsAImP%22\">http://t.co/XehQKsAImP\"</a>", 
        "created_at": "2014-03-05T20:01:52Z", 
        "remote_id": "441302595983122432", 
        "retweeter_user_name": null, 
        "profile_image_url": "http://pbs.twimg.com/profile_images/434824363196424192/vsSAwK7Y_normal.jpeg", 
        "full_name": "Alberto Taveira", 
        "query": 6, 
        "user_name": "albertotaveira", 
        "retweeter_full_name": null
    }
},
{
    "pk": 13, 
    "model": "twitter.tweet", 
    "fields": {
        "retweeter_profile_image_url": null, 
        "text": "A Swedish Automaker Is Using <a href=\"http://twitter.com/search?q=%233DPrinting\">#3DPrinting</a> To Make The World's Fastest Car: <a href=\"http://t.co/7TqXxoL5zh\">http://t.co/7TqXxoL5zh</a> via <a href=\"http://twitter.com/SeattlePI\">@SeattlePI</a> <a href=\"http://twitter.com/search?q=%23technology\">#technology</a>", 
        "created_at": "2014-03-05T20:01:50Z", 
        "remote_id": "441302587820634112", 
        "retweeter_user_name": null, 
        "profile_image_url": "http://pbs.twimg.com/profile_images/421039638845739008/zP-jobMl_normal.jpeg", 
        "full_name": "WRW Engineering", 
        "query": 6, 
        "user_name": "WRWengineering", 
        "retweeter_full_name": null
    }
},
{
    "pk": 14, 
    "model": "twitter.tweet", 
    "fields": {
        "retweeter_profile_image_url": null, 
        "text": "A Swedish Automaker Is Using <a href=\"http://twitter.com/search?q=%233DPrinting\">#3DPrinting</a> To Make The World's Fastest Car: <a href=\"http://t.co/gg6hd0uRJj\">http://t.co/gg6hd0uRJj</a> via <a href=\"http://twitter.com/SeattlePI\">@SeattlePI</a> <a href=\"http://twitter.com/search?q=%23technology\">#technology</a>", 
        "created_at": "2014-03-05T20:01:50Z", 
        "remote_id": "441302585920585728", 
        "retweeter_user_name": null, 
        "profile_image_url": "http://pbs.twimg.com/profile_images/421058027819507712/bb9VbPJy_normal.jpeg", 
        "full_name": "Bishop-WisecarverGrp", 
        "query": 6, 
        "user_name": "BWG_Diversity", 
        "retweeter_full_name": null
    }
},
{
    "pk": 15, 
    "model": "twitter.tweet", 
    "fields": {
        "retweeter_profile_image_url": null, 
        "text": "<a href=\"http://twitter.com/search?q=%233D\">#3D</a> <a href=\"http://t.co/WUkZNV4SzH\">http://t.co/WUkZNV4SzH</a> \u0444\u0438\u043b\u044c\u043c \u0441\u043c\u0435\u0440\u0442\u0435\u043b\u044c\u043d\u043e\u0435 \u043e\u0440\u0443\u0436\u0438\u0435 5", 
        "created_at": "2014-03-05T20:01:49Z", 
        "remote_id": "441302584444190720", 
        "retweeter_user_name": null, 
        "profile_image_url": "http://pbs.twimg.com/profile_images/378800000388387953/554c382fac9779889baa1e8cb3161b6a_normal.jpeg", 
        "full_name": "\u0414\u0435\u043c\u0438\u0434 \u0428\u0443\u043b\u0435\u0439\u043a\u0438\u043d", 
        "query": 6, 
        "user_name": "AgnesTrahan", 
        "retweeter_full_name": null
    }
},
{
    "pk": 16, 
    "model": "twitter.tweet", 
    "fields": {
        "retweeter_profile_image_url": null, 
        "text": "<a href=\"http://twitter.com/OvoBaAmel\">@OvoBaAmel</a> Mann bum ass Egypt y'all gotta step up for the cup cause y'all comin out that group easy", 
        "created_at": "2014-03-05T20:01:49Z", 
        "remote_id": "441302583404019712", 
        "retweeter_user_name": null, 
        "profile_image_url": "http://pbs.twimg.com/profile_images/417551266626015232/YaSNHFUL_normal.jpeg", 
        "full_name": "Augie Papi", 
        "query": 6, 
        "user_name": "AE_3D", 
        "retweeter_full_name": null
    }
},
{
    "pk": 17, 
    "model": "twitter.tweet", 
    "fields": {
        "retweeter_profile_image_url": null, 
        "text": "Large DL Birthday SISTER Teddies Quick Card n 3D decoupage <a href=\"http://t.co/npEwCmxX1h\">http://t.co/npEwCmxX1h</a>", 
        "created_at": "2014-03-05T20:01:49Z", 
        "remote_id": "441302582397386752", 
        "retweeter_user_name": null, 
        "profile_image_url": "http://pbs.twimg.com/profile_images/676970046/Carol_Clarke_normal.jpg", 
        "full_name": "carol clarke", 
        "query": 6, 
        "user_name": "carolannstudio", 
        "retweeter_full_name": null
    }
},
{
    "pk": 18, 
    "model": "twitter.tweet", 
    "fields": {
        "retweeter_profile_image_url": null, 
        "text": "Ya quiero que Facu crezca. Quiero verlo en 3D.", 
        "created_at": "2014-03-05T20:01:49Z", 
        "remote_id": "441302581357584384", 
        "retweeter_user_name": null, 
        "profile_image_url": "http://pbs.twimg.com/profile_images/440687841904185344/jg52Puo-_normal.jpeg", 
        "full_name": "Valeria Ch\u00e1vez", 
        "query": 6, 
        "user_name": "Valeria21190", 
        "retweeter_full_name": null
    }
},
{
    "pk": 19, 
    "model": "twitter.tweet", 
    "fields": {
        "retweeter_profile_image_url": null, 
        "text": "<a href=\"http://twitter.com/eSideShawty\">@eSideShawty</a> I can do logo/3d logo and logo animation plz cntct me email <a href=\"mailto:vishalrv001<a href=\"http://twitter.com/gmail\">@gmail</a>.com\">vishalrv001<a href=\"http://twitter.com/gmail\">@gmail</a>.com</a> skype rv.infinity for further discussion", 
        "created_at": "2014-03-05T20:01:48Z", 
        "remote_id": "441302580283461632", 
        "retweeter_user_name": null, 
        "profile_image_url": "http://pbs.twimg.com/profile_images/413952233797976064/vN4Ld-dp_normal.jpeg", 
        "full_name": "Viki M", 
        "query": 6, 
        "user_name": "luckydude58", 
        "retweeter_full_name": null
    }
},
{
    "pk": 20, 
    "model": "twitter.tweet", 
    "fields": {
        "retweeter_profile_image_url": null, 
        "text": "Microsoft SurroundWeb: Un navegador 3D para tu habitaci\u00f3n \u00bb Neoteo <a href=\"http://t.co/pab2ILrjmq\">http://t.co/pab2ILrjmq</a> v\u00eda <a href=\"http://twitter.com/neoteocom\">@neoteocom</a>", 
        "created_at": "2014-03-05T20:01:45Z", 
        "remote_id": "441302566995890176", 
        "retweeter_user_name": null, 
        "profile_image_url": "http://pbs.twimg.com/profile_images/431476542431322112/4M2G4S26_normal.jpeg", 
        "full_name": "Mile Orrego", 
        "query": 6, 
        "user_name": "elimyop", 
        "retweeter_full_name": null
    }
},
{
    "pk": 21, 
    "model": "twitter.tweet", 
    "fields": {
        "retweeter_profile_image_url": null, 
        "text": "<a href=\"http://twitter.com/NAJ_3D\">@NAJ_3D</a> <a href=\"http://twitter.com/_07132527\">@_07132527</a> <a href=\"http://twitter.com/frashabaghdad\">@frashabaghdad</a> <a href=\"http://twitter.com/aliimohammed35\">@aliimohammed35</a> \n\u0644\u0627 \u0627\u0646\u064a \u0645\u0646 \u0627\u0633\u062d\u0643\n\u0627\u062d\u0633 \u0631\u0648\u062d\u064a \u0634\u0627\u0645\u0637 \u0648\u0646\u0635 \u0627\u0644\u0627 \u0627\u0631\u062c\u0639 \u0627\u0646\u0634\u0631\n\u0647\u0647\u0647\u0647\u0647\u0647\u0647\u0647\u0647\u0647\u0647\u0647\u0647\u0647\u0647\u0647\u0647\u0647\u0647\u0647\u0647\u0647\u0647\u0647\u0647", 
        "created_at": "2014-03-05T20:01:45Z", 
        "remote_id": "441302564483915776", 
        "retweeter_user_name": null, 
        "profile_image_url": "http://pbs.twimg.com/profile_images/438820734031659008/-aKuKs3E_normal.jpeg", 
        "full_name": "\u0639\u064f\u0631\u0627\u0642\u064a \u0645\u0627\u0631\u0643\u0629 \u534d", 
        "query": 6, 
        "user_name": "Al_8AE9R", 
        "retweeter_full_name": null
    }
},
{
    "pk": 22, 
    "model": "twitter.tweet", 
    "fields": {
        "retweeter_profile_image_url": "http://pbs.twimg.com/profile_images/423178874499776513/qXper282_normal.jpeg", 
        "text": "What's red and bad for your teeth? \n\nA brick.", 
        "created_at": "2014-03-03T19:05:35Z", 
        "remote_id": "441310430024466432", 
        "retweeter_user_name": "TheGodlyBeing", 
        "profile_image_url": "http://pbs.twimg.com/profile_images/378800000425993365/be3c7a24599611359adbbe8f67512eb7_normal.jpeg", 
        "full_name": "Anti Joke Apple", 
        "query": 9, 
        "user_name": "Anti_Joke_Apple", 
        "retweeter_full_name": "The Offler"
    }
},
{
    "pk": 23, 
    "model": "twitter.tweet", 
    "fields": {
        "retweeter_profile_image_url": "http://pbs.twimg.com/profile_images/378800000686454210/bf21d85bb313da7c0c3609e510a29e83_normal.jpeg", 
        "text": "I WOULD DIE FOR TEETH LIKE THIS <a href=\"http://t.co/EygsB5fceR\">http://t.co/EygsB5fceR</a>", 
        "created_at": "2014-03-05T18:03:04Z", 
        "remote_id": "441310419517333504", 
        "retweeter_user_name": "kyle_sellers48", 
        "profile_image_url": "http://pbs.twimg.com/profile_images/437401853253259264/dLDtNczY_normal.png", 
        "full_name": "Common Teen \u270c ", 
        "query": 9, 
        "user_name": "yoteens", 
        "retweeter_full_name": "Kyle Sellers"
    }
},
{
    "pk": 24, 
    "model": "twitter.tweet", 
    "fields": {
        "retweeter_profile_image_url": null, 
        "text": "\u201c<a href=\"http://twitter.com/_postbadguys\">@_postbadguys</a>: <a href=\"http://t.co/rnjtRq9HUf%E2%80%9D\">http://t.co/rnjtRq9HUf\u201d</a> those teeth\ud83d\ude0d\ud83d\ude0d", 
        "created_at": "2014-03-05T20:32:57Z", 
        "remote_id": "441310419295039489", 
        "retweeter_user_name": null, 
        "profile_image_url": "http://pbs.twimg.com/profile_images/440623954495942656/6mn3L_8A_normal.jpeg", 
        "full_name": "Rocky ", 
        "query": 9, 
        "user_name": "RachDeschaep", 
        "retweeter_full_name": null
    }
},
{
    "pk": 25, 
    "model": "twitter.tweet", 
    "fields": {
        "retweeter_profile_image_url": null, 
        "text": "Fantastic Facts:  Strawberries can whiten teeth! \u2665 Have a Super-Fantastic day!", 
        "created_at": "2014-03-05T20:32:57Z", 
        "remote_id": "441310416975568896", 
        "retweeter_user_name": null, 
        "profile_image_url": "http://pbs.twimg.com/profile_images/3437937039/645ae39fe6197091c14119a993ecf4dc_normal.png", 
        "full_name": "Fantastic Floatables", 
        "query": 9, 
        "user_name": "FFloatables", 
        "retweeter_full_name": null
    }
},
{
    "pk": 26, 
    "model": "twitter.tweet", 
    "fields": {
        "retweeter_profile_image_url": null, 
        "text": "The bittersweet between my teeth", 
        "created_at": "2014-03-05T20:32:57Z", 
        "remote_id": "441310416711331840", 
        "retweeter_user_name": null, 
        "profile_image_url": "http://pbs.twimg.com/profile_images/441277379210534912/pUFeN0k8_normal.jpeg", 
        "full_name": "KING KADERADE", 
        "query": 9, 
        "user_name": "KVDERS", 
        "retweeter_full_name": null
    }
},
{
    "pk": 27, 
    "model": "twitter.tweet", 
    "fields": {
        "retweeter_profile_image_url": "http://pbs.twimg.com/profile_images/436966808097402880/HC5paJG6_normal.jpeg", 
        "text": "Diet Coke. For when you want your teeth to feel like they\u2019ve been camping.", 
        "created_at": "2014-03-05T20:29:35Z", 
        "remote_id": "441310412467097602", 
        "retweeter_user_name": "ahoylissa", 
        "profile_image_url": "http://pbs.twimg.com/profile_images/411681735869349888/2oJs1Wk1_normal.jpeg", 
        "full_name": "Sammy Rhodes", 
        "query": 9, 
        "user_name": "sammyrhodes", 
        "retweeter_full_name": "Claudia Lipinski"
    }
},
{
    "pk": 28, 
    "model": "twitter.tweet", 
    "fields": {
        "retweeter_profile_image_url": null, 
        "text": "I like a nice big ass. Something to grip on to. Something to admire. Something to slap and of course sink your teeth into", 
        "created_at": "2014-03-05T20:32:55Z", 
        "remote_id": "441310411455885312", 
        "retweeter_user_name": null, 
        "profile_image_url": "http://pbs.twimg.com/profile_images/378800000327324593/e8bacb224f07ebe0a59991c13e5e3d90_normal.jpeg", 
        "full_name": "Kenny Mac", 
        "query": 9, 
        "user_name": "KennyWu05", 
        "retweeter_full_name": null
    }
},
{
    "pk": 29, 
    "model": "twitter.tweet", 
    "fields": {
        "retweeter_profile_image_url": null, 
        "text": "A girl I follow on insta edits her pictures so much and today she uploaded a picture and her teeth look like chiclets.", 
        "created_at": "2014-03-05T20:32:55Z", 
        "remote_id": "441310411376177152", 
        "retweeter_user_name": null, 
        "profile_image_url": "http://pbs.twimg.com/profile_images/438057900871663616/Z3vfSrqD_normal.jpeg", 
        "full_name": "brandy", 
        "query": 9, 
        "user_name": "beehedman", 
        "retweeter_full_name": null
    }
},
{
    "pk": 30, 
    "model": "twitter.tweet", 
    "fields": {
        "retweeter_profile_image_url": null, 
        "text": "How many times have we said this: no TEETH in England's performance", 
        "created_at": "2014-03-05T20:32:54Z", 
        "remote_id": "441310404099465216", 
        "retweeter_user_name": null, 
        "profile_image_url": "http://pbs.twimg.com/profile_images/898812260/GADSBY_S_ENGLAND_normal.jpg", 
        "full_name": "Gadsby's England", 
        "query": 9, 
        "user_name": "GadsbysEngland", 
        "retweeter_full_name": null
    }
},
{
    "pk": 31, 
    "model": "twitter.tweet", 
    "fields": {
        "retweeter_profile_image_url": "http://pbs.twimg.com/profile_images/431562282095882240/PIbXXheP_normal.jpeg", 
        "text": "I WOULD DIE FOR TEETH LIKE THIS <a href=\"http://t.co/YYgBOcv5ev\">http://t.co/YYgBOcv5ev</a>", 
        "created_at": "2014-03-04T04:12:24Z", 
        "remote_id": "441310396725886976", 
        "retweeter_user_name": "briagrant98", 
        "profile_image_url": "http://pbs.twimg.com/profile_images/439826767327399937/47gSU5PD_normal.jpeg", 
        "full_name": "Common White Girl", 
        "query": 9, 
        "user_name": "whitegirIposts", 
        "retweeter_full_name": "Bria"
    }
},
{
    "pk": 32, 
    "model": "twitter.tweet", 
    "fields": {
        "retweeter_profile_image_url": null, 
        "text": "Lying in my garden, looking up at dense smog and trying to suck in oxygen through my teeth. Must tell Dad to stop burning things for fun.", 
        "created_at": "2014-03-05T20:32:52Z", 
        "remote_id": "441310395513733120", 
        "retweeter_user_name": null, 
        "profile_image_url": "http://pbs.twimg.com/profile_images/378800000624998388/f2e31a98ba19ff845f25e54526e0db12_normal.jpeg", 
        "full_name": "Jess Richter ", 
        "query": 9, 
        "user_name": "AsInTheScales", 
        "retweeter_full_name": null
    }
},
{
    "pk": 33, 
    "model": "twitter.tweet", 
    "fields": {
        "retweeter_profile_image_url": null, 
        "text": "Literally what I look like right now after getting my wisdom teeth out yesterday. <a href=\"http://t.co/Ui4rVloXIV\">http://t.co/Ui4rVloXIV</a>", 
        "created_at": "2014-03-05T20:32:52Z", 
        "remote_id": "441310395203330048", 
        "retweeter_user_name": null, 
        "profile_image_url": "http://pbs.twimg.com/profile_images/417702722465300480/BTZ-lG78_normal.jpeg", 
        "full_name": "Mike Schiavo", 
        "query": 9, 
        "user_name": "__MikeSchiavo", 
        "retweeter_full_name": null
    }
},
{
    "pk": 34, 
    "model": "twitter.tweet", 
    "fields": {
        "retweeter_profile_image_url": null, 
        "text": "Malaysia's teeth &lt;&lt;&lt;&lt;", 
        "created_at": "2014-03-05T20:32:51Z", 
        "remote_id": "441310394947489792", 
        "retweeter_user_name": null, 
        "profile_image_url": "http://pbs.twimg.com/profile_images/440965959722209280/XwSQe6iG_normal.jpeg", 
        "full_name": "Brittish Williams", 
        "query": 9, 
        "user_name": "BrittishWEmpire", 
        "retweeter_full_name": null
    }
},
{
    "pk": 35, 
    "model": "twitter.tweet", 
    "fields": {
        "retweeter_profile_image_url": null, 
        "text": "i hope she knocks gabrellas teeth out <a href=\"http://twitter.com/search?q=%23WaterlooRoad\">#WaterlooRoad</a>", 
        "created_at": "2014-03-05T20:32:49Z", 
        "remote_id": "441310384155136002", 
        "retweeter_user_name": null, 
        "profile_image_url": "http://pbs.twimg.com/profile_images/413806231376371712/uAh-QDxg_normal.jpeg", 
        "full_name": "Seda Stilinski", 
        "query": 9, 
        "user_name": "SedaWeasley", 
        "retweeter_full_name": null
    }
},
{
    "pk": 36, 
    "model": "twitter.tweet", 
    "fields": {
        "retweeter_profile_image_url": null, 
        "text": "It's a good feeling when someone compliments you on your teeth being white\ud83d\ude03", 
        "created_at": "2014-03-05T20:32:48Z", 
        "remote_id": "441310380174749696", 
        "retweeter_user_name": null, 
        "profile_image_url": "http://pbs.twimg.com/profile_images/440309034739306496/GYerqUTx_normal.jpeg", 
        "full_name": "Tiffles", 
        "query": 9, 
        "user_name": "Tifffy_Marie", 
        "retweeter_full_name": null
    }
},
{
    "pk": 37, 
    "model": "twitter.tweet", 
    "fields": {
        "retweeter_profile_image_url": null, 
        "text": "The bittersweet between my teeth", 
        "created_at": "2014-03-05T20:32:57Z", 
        "remote_id": "441310416711331840", 
        "retweeter_user_name": null, 
        "profile_image_url": "http://pbs.twimg.com/profile_images/441277379210534912/pUFeN0k8_normal.jpeg", 
        "full_name": "KING KADERADE", 
        "query": 11, 
        "user_name": "KVDERS", 
        "retweeter_full_name": null
    }
},
{
    "pk": 38, 
    "model": "twitter.tweet", 
    "fields": {
        "retweeter_profile_image_url": null, 
        "text": "Here is a test tweet for NSF TEETH project", 
        "created_at": "2014-03-05T20:36:32Z", 
        "remote_id": "441311321057787904", 
        "retweeter_user_name": null, 
        "profile_image_url": "http://pbs.twimg.com/profile_images/441080117146558464/27TVEEnU_normal.jpeg", 
        "full_name": "ChiaYuan Chuang", 
        "query": 8, 
        "user_name": "lancy0511", 
        "retweeter_full_name": null
    }
},
{
    "pk": 39, 
    "model": "twitter.tweet", 
    "fields": {
        "retweeter_profile_image_url": null, 
        "text": "Here is a test tweet for NSF TEETH project", 
        "created_at": "2014-03-05T20:36:32Z", 
        "remote_id": "441311321057787904", 
        "retweeter_user_name": null, 
        "profile_image_url": "http://pbs.twimg.com/profile_images/441080117146558464/27TVEEnU_normal.jpeg", 
        "full_name": "ChiaYuan Chuang", 
        "query": 3, 
        "user_name": "lancy0511", 
        "retweeter_full_name": null
    }
},
{
    "pk": 40, 
    "model": "twitter.tweet", 
    "fields": {
        "retweeter_profile_image_url": null, 
        "text": "Here is a test tweet for NSF TEETH project", 
        "created_at": "2014-03-05T20:36:32Z", 
        "remote_id": "441311321057787904", 
        "retweeter_user_name": null, 
        "profile_image_url": "http://pbs.twimg.com/profile_images/441080117146558464/27TVEEnU_normal.jpeg", 
        "full_name": "ChiaYuan Chuang", 
        "query": 2, 
        "user_name": "lancy0511", 
        "retweeter_full_name": null
    }
},
{
    "pk": 41, 
    "model": "twitter.tweet", 
    "fields": {
        "retweeter_profile_image_url": null, 
        "text": "NSF TEETH: new test tweet", 
        "created_at": "2014-03-05T20:46:52Z", 
        "remote_id": "441313921241063424", 
        "retweeter_user_name": null, 
        "profile_image_url": "http://pbs.twimg.com/profile_images/441080117146558464/27TVEEnU_normal.jpeg", 
        "full_name": "ChiaYuan Chuang", 
        "query": 2, 
        "user_name": "lancy0511", 
        "retweeter_full_name": null
    }
},
{
    "pk": 42, 
    "model": "twitter.tweet", 
    "fields": {
        "retweeter_profile_image_url": null, 
        "text": "NSF TEETH: new tweet 4", 
        "created_at": "2014-03-05T21:14:21Z", 
        "remote_id": "441320835786104832", 
        "retweeter_user_name": null, 
        "profile_image_url": "http://pbs.twimg.com/profile_images/441080117146558464/27TVEEnU_normal.jpeg", 
        "full_name": "ChiaYuan Chuang", 
        "query": 2, 
        "user_name": "lancy0511", 
        "retweeter_full_name": null
    }
},
{
    "pk": 1, 
    "model": "admin.logentry", 
    "fields": {
        "action_flag": 1, 
        "action_time": "2014-03-05T02:47:38.222Z", 
        "object_repr": "New Page", 
        "object_id": "9", 
        "change_message": "", 
        "user": 1, 
        "content_type": 21
    }
},
{
    "pk": 2, 
    "model": "admin.logentry", 
    "fields": {
        "action_flag": 1, 
        "action_time": "2014-03-05T03:59:54.042Z", 
        "object_repr": "Home", 
        "object_id": "10", 
        "change_message": "", 
        "user": 1, 
        "content_type": 21
    }
},
{
    "pk": 3, 
    "model": "admin.logentry", 
    "fields": {
        "action_flag": 2, 
        "action_time": "2014-03-05T04:03:57.974Z", 
        "object_repr": "Home", 
        "object_id": "10", 
        "change_message": "Changed _meta_title and keywords.", 
        "user": 1, 
        "content_type": 21
    }
},
{
    "pk": 4, 
    "model": "admin.logentry", 
    "fields": {
        "action_flag": 2, 
        "action_time": "2014-03-05T21:24:03.310Z", 
        "object_repr": "About / Team", 
        "object_id": "4", 
        "change_message": "Changed content and id.", 
        "user": 1, 
        "content_type": 21
    }
},
{
    "pk": 5, 
    "model": "admin.logentry", 
    "fields": {
        "action_flag": 2, 
        "action_time": "2014-03-05T21:24:32.698Z", 
        "object_repr": "About / Team", 
        "object_id": "4", 
        "change_message": "Changed content and id.", 
        "user": 1, 
        "content_type": 21
    }
},
{
    "pk": 6, 
    "model": "admin.logentry", 
    "fields": {
        "action_flag": 2, 
        "action_time": "2014-03-05T21:25:39.774Z", 
        "object_repr": "About / Team", 
        "object_id": "4", 
        "change_message": "Changed content and id.", 
        "user": 1, 
        "content_type": 21
    }
},
{
    "pk": 7, 
    "model": "admin.logentry", 
    "fields": {
        "action_flag": 2, 
        "action_time": "2014-03-05T21:26:37.038Z", 
        "object_repr": "About / Team", 
        "object_id": "4", 
        "change_message": "Changed content and id.", 
        "user": 1, 
        "content_type": 21
    }
},
{
    "pk": 8, 
    "model": "admin.logentry", 
    "fields": {
        "action_flag": 2, 
        "action_time": "2014-03-05T21:26:48.378Z", 
        "object_repr": "About / Team", 
        "object_id": "4", 
        "change_message": "Changed content and id.", 
        "user": 1, 
        "content_type": 21
    }
},
{
    "pk": 9, 
    "model": "admin.logentry", 
    "fields": {
        "action_flag": 2, 
        "action_time": "2014-03-05T21:29:03.290Z", 
        "object_repr": "About / Team", 
        "object_id": "4", 
        "change_message": "Changed content and id.", 
        "user": 1, 
        "content_type": 21
    }
},
{
    "pk": 10, 
    "model": "admin.logentry", 
    "fields": {
        "action_flag": 2, 
        "action_time": "2014-03-05T21:29:57.449Z", 
        "object_repr": "New Page", 
        "object_id": "9", 
        "change_message": "Changed content and id.", 
        "user": 1, 
        "content_type": 21
    }
},
{
    "pk": 11, 
    "model": "admin.logentry", 
    "fields": {
        "action_flag": 2, 
        "action_time": "2014-03-05T21:30:12.658Z", 
        "object_repr": "New Page", 
        "object_id": "9", 
        "change_message": "Changed content and id.", 
        "user": 1, 
        "content_type": 21
    }
},
{
    "pk": 12, 
    "model": "admin.logentry", 
    "fields": {
        "action_flag": 2, 
        "action_time": "2014-03-05T21:32:15.519Z", 
        "object_repr": "About / Team", 
        "object_id": "4", 
        "change_message": "Changed content, in_menus, description and keywords.", 
        "user": 1, 
        "content_type": 21
    }
},
{
    "pk": 13, 
    "model": "admin.logentry", 
    "fields": {
        "action_flag": 2, 
        "action_time": "2014-03-05T22:20:49.252Z", 
        "object_repr": "Home", 
        "object_id": "10", 
        "change_message": "Changed content and id.", 
        "user": 1, 
        "content_type": 21
    }
},
{
    "pk": 14, 
    "model": "admin.logentry", 
    "fields": {
        "action_flag": 3, 
        "action_time": "2014-03-05T22:26:30.757Z", 
        "object_repr": "New Page", 
        "object_id": "9", 
        "change_message": "", 
        "user": 1, 
        "content_type": 20
    }
},
{
    "pk": 15, 
    "model": "admin.logentry", 
    "fields": {
        "action_flag": 1, 
        "action_time": "2014-03-05T22:27:04.828Z", 
        "object_repr": "Test Page", 
        "object_id": "11", 
        "change_message": "", 
        "user": 1, 
        "content_type": 21
    }
},
{
    "pk": 16, 
    "model": "admin.logentry", 
    "fields": {
        "action_flag": 1, 
        "action_time": "2014-03-06T02:21:31.399Z", 
        "object_repr": "Test Blog", 
        "object_id": "1", 
        "change_message": "", 
        "user": 1, 
        "content_type": 14
    }
},
{
    "pk": 17, 
    "model": "admin.logentry", 
    "fields": {
        "action_flag": 2, 
        "action_time": "2014-03-06T03:34:07.482Z", 
        "object_repr": "About / Team", 
        "object_id": "4", 
        "change_message": "Changed content and id.", 
        "user": 1, 
        "content_type": 21
    }
},
{
    "pk": 18, 
    "model": "admin.logentry", 
    "fields": {
        "action_flag": 2, 
        "action_time": "2014-03-06T03:35:47.808Z", 
        "object_repr": "About / Team", 
        "object_id": "4", 
        "change_message": "Changed content and id.", 
        "user": 1, 
        "content_type": 21
    }
},
{
    "pk": 19, 
    "model": "admin.logentry", 
    "fields": {
        "action_flag": 2, 
        "action_time": "2014-03-06T03:37:37.372Z", 
        "object_repr": "About / Team", 
        "object_id": "4", 
        "change_message": "Changed content and id.", 
        "user": 1, 
        "content_type": 21
    }
},
{
    "pk": 20, 
    "model": "admin.logentry", 
    "fields": {
        "action_flag": 2, 
        "action_time": "2014-03-06T03:38:12.084Z", 
        "object_repr": "About / Team", 
        "object_id": "4", 
        "change_message": "Changed content, description and keywords.", 
        "user": 1, 
        "content_type": 21
    }
},
{
    "pk": 21, 
    "model": "admin.logentry", 
    "fields": {
        "action_flag": 2, 
        "action_time": "2014-03-06T03:39:55.184Z", 
        "object_repr": "About / Team", 
        "object_id": "4", 
        "change_message": "Changed content and id.", 
        "user": 1, 
        "content_type": 21
    }
},
{
    "pk": 22, 
    "model": "admin.logentry", 
    "fields": {
        "action_flag": 2, 
        "action_time": "2014-03-06T03:40:06.988Z", 
        "object_repr": "About / Team", 
        "object_id": "4", 
        "change_message": "Changed id.", 
        "user": 1, 
        "content_type": 21
    }
},
{
    "pk": 23, 
    "model": "admin.logentry", 
    "fields": {
        "action_flag": 2, 
        "action_time": "2014-03-06T03:40:22.857Z", 
        "object_repr": "About / Team", 
        "object_id": "4", 
        "change_message": "Changed content and id.", 
        "user": 1, 
        "content_type": 21
    }
},
{
    "pk": 24, 
    "model": "admin.logentry", 
    "fields": {
        "action_flag": 2, 
        "action_time": "2014-03-06T03:56:57.007Z", 
        "object_repr": "About / Team", 
        "object_id": "4", 
        "change_message": "Changed content and id.", 
        "user": 1, 
        "content_type": 21
    }
},
{
    "pk": 25, 
    "model": "admin.logentry", 
    "fields": {
        "action_flag": 2, 
        "action_time": "2014-03-06T03:57:51.714Z", 
        "object_repr": "About / Team", 
        "object_id": "4", 
        "change_message": "Changed id.", 
        "user": 1, 
        "content_type": 21
    }
},
{
    "pk": 26, 
    "model": "admin.logentry", 
    "fields": {
        "action_flag": 2, 
        "action_time": "2014-03-06T04:02:12.199Z", 
        "object_repr": "Home", 
        "object_id": "10", 
        "change_message": "Changed content and id.", 
        "user": 1, 
        "content_type": 21
    }
},
{
    "pk": 27, 
    "model": "admin.logentry", 
    "fields": {
        "action_flag": 2, 
        "action_time": "2014-03-06T04:21:43.647Z", 
        "object_repr": "Home", 
        "object_id": "10", 
        "change_message": "Changed content and id.", 
        "user": 1, 
        "content_type": 21
    }
},
{
    "pk": 28, 
    "model": "admin.logentry", 
    "fields": {
        "action_flag": 2, 
        "action_time": "2014-03-06T04:24:27.384Z", 
        "object_repr": "Home", 
        "object_id": "10", 
        "change_message": "Changed content and id.", 
        "user": 1, 
        "content_type": 21
    }
},
{
    "pk": 29, 
    "model": "admin.logentry", 
    "fields": {
        "action_flag": 2, 
        "action_time": "2014-03-06T04:24:53.283Z", 
        "object_repr": "Home", 
        "object_id": "10", 
        "change_message": "Changed id.", 
        "user": 1, 
        "content_type": 21
    }
},
{
    "pk": 30, 
    "model": "admin.logentry", 
    "fields": {
        "action_flag": 1, 
        "action_time": "2014-03-06T04:56:47.010Z", 
        "object_repr": "Test Doc page", 
        "object_id": "12", 
        "change_message": "", 
        "user": 1, 
        "content_type": 31
    }
},
{
    "pk": 31, 
    "model": "admin.logentry", 
    "fields": {
        "action_flag": 1, 
        "action_time": "2014-03-06T04:57:09.701Z", 
        "object_repr": "Test Doc page / Sub page doc", 
        "object_id": "13", 
        "change_message": "", 
        "user": 1, 
        "content_type": 21
    }
},
{
    "pk": 32, 
    "model": "admin.logentry", 
    "fields": {
        "action_flag": 2, 
        "action_time": "2014-03-06T05:00:17.228Z", 
        "object_repr": "Test Doc page", 
        "object_id": "12", 
        "change_message": "Changed content and id.", 
        "user": 1, 
        "content_type": 31
    }
},
{
    "pk": 33, 
    "model": "admin.logentry", 
    "fields": {
        "action_flag": 2, 
        "action_time": "2014-03-06T05:01:16.158Z", 
        "object_repr": "Test Doc page", 
        "object_id": "12", 
        "change_message": "Changed content and id.", 
        "user": 1, 
        "content_type": 31
    }
},
{
    "pk": 34, 
    "model": "admin.logentry", 
    "fields": {
        "action_flag": 2, 
        "action_time": "2014-03-06T06:43:45.871Z", 
        "object_repr": "About / Team", 
        "object_id": "4", 
        "change_message": "Changed content and id.", 
        "user": 1, 
        "content_type": 21
    }
},
{
    "pk": 35, 
    "model": "admin.logentry", 
    "fields": {
        "action_flag": 2, 
        "action_time": "2014-03-06T06:46:03.475Z", 
        "object_repr": "About / Team", 
        "object_id": "4", 
        "change_message": "Changed content and id.", 
        "user": 1, 
        "content_type": 21
    }
},
{
    "pk": 36, 
    "model": "admin.logentry", 
    "fields": {
        "action_flag": 2, 
        "action_time": "2014-03-06T07:40:39.742Z", 
        "object_repr": "About / Team", 
        "object_id": "4", 
        "change_message": "Changed content and keywords.", 
        "user": 1, 
        "content_type": 21
    }
},
{
    "pk": 37, 
    "model": "admin.logentry", 
    "fields": {
        "action_flag": 2, 
        "action_time": "2014-03-06T07:41:15.832Z", 
        "object_repr": "About / Team", 
        "object_id": "4", 
        "change_message": "Changed content and id.", 
        "user": 1, 
        "content_type": 21
    }
},
{
    "pk": 38, 
    "model": "admin.logentry", 
    "fields": {
        "action_flag": 2, 
        "action_time": "2014-03-06T07:42:12.003Z", 
        "object_repr": "About / Team<hr/>", 
        "object_id": "4", 
        "change_message": "Changed title and id.", 
        "user": 1, 
        "content_type": 20
    }
},
{
    "pk": 39, 
    "model": "admin.logentry", 
    "fields": {
        "action_flag": 2, 
        "action_time": "2014-03-06T07:42:20.065Z", 
        "object_repr": "About / Team", 
        "object_id": "4", 
        "change_message": "Changed title and id.", 
        "user": 1, 
        "content_type": 20
    }
},
{
    "pk": 40, 
    "model": "admin.logentry", 
    "fields": {
        "action_flag": 2, 
        "action_time": "2014-03-06T07:43:39.673Z", 
        "object_repr": "About / Team", 
        "object_id": "4", 
        "change_message": "Changed content and keywords.", 
        "user": 1, 
        "content_type": 21
    }
},
{
    "pk": 41, 
    "model": "admin.logentry", 
    "fields": {
        "action_flag": 2, 
        "action_time": "2014-03-06T07:44:15.515Z", 
        "object_repr": "About / Team", 
        "object_id": "4", 
        "change_message": "Changed content and id.", 
        "user": 1, 
        "content_type": 21
    }
},
{
    "pk": 42, 
    "model": "admin.logentry", 
    "fields": {
        "action_flag": 2, 
        "action_time": "2014-03-06T07:53:48.441Z", 
        "object_repr": "About / Team", 
        "object_id": "4", 
        "change_message": "Changed content and id.", 
        "user": 1, 
        "content_type": 21
    }
},
{
    "pk": 43, 
    "model": "admin.logentry", 
    "fields": {
        "action_flag": 2, 
        "action_time": "2014-03-06T08:11:59.736Z", 
        "object_repr": "About / Team", 
        "object_id": "4", 
        "change_message": "Changed content and id.", 
        "user": 1, 
        "content_type": 21
    }
},
{
    "pk": 44, 
    "model": "admin.logentry", 
    "fields": {
        "action_flag": 2, 
        "action_time": "2014-03-06T08:12:32.777Z", 
        "object_repr": "About / Team", 
        "object_id": "4", 
        "change_message": "Changed content and id.", 
        "user": 1, 
        "content_type": 21
    }
},
{
    "pk": 45, 
    "model": "admin.logentry", 
    "fields": {
        "action_flag": 2, 
        "action_time": "2014-03-06T08:13:01.120Z", 
        "object_repr": "About / Team", 
        "object_id": "4", 
        "change_message": "Changed content and id.", 
        "user": 1, 
        "content_type": 21
    }
},
{
    "pk": 46, 
    "model": "admin.logentry", 
    "fields": {
        "action_flag": 2, 
        "action_time": "2014-03-06T08:13:54.837Z", 
        "object_repr": "About / Team", 
        "object_id": "4", 
        "change_message": "Changed content and id.", 
        "user": 1, 
        "content_type": 21
    }
},
{
    "pk": 47, 
    "model": "admin.logentry", 
    "fields": {
        "action_flag": 2, 
        "action_time": "2014-03-06T08:16:12.383Z", 
        "object_repr": "About / Team", 
        "object_id": "4", 
        "change_message": "Changed content and id.", 
        "user": 1, 
        "content_type": 21
    }
},
{
    "pk": 48, 
    "model": "admin.logentry", 
    "fields": {
        "action_flag": 2, 
        "action_time": "2014-03-06T08:19:42.953Z", 
        "object_repr": "About / Team", 
        "object_id": "4", 
        "change_message": "Changed content and id.", 
        "user": 1, 
        "content_type": 21
    }
},
{
    "pk": 49, 
    "model": "admin.logentry", 
    "fields": {
        "action_flag": 2, 
        "action_time": "2014-03-06T08:21:56.891Z", 
        "object_repr": "About / Team", 
        "object_id": "4", 
        "change_message": "Changed content and id.", 
        "user": 1, 
        "content_type": 21
    }
},
{
    "pk": 50, 
    "model": "admin.logentry", 
    "fields": {
        "action_flag": 2, 
        "action_time": "2014-03-06T08:23:13.568Z", 
        "object_repr": "About / Team", 
        "object_id": "4", 
        "change_message": "Changed id.", 
        "user": 1, 
        "content_type": 21
    }
},
{
    "pk": 51, 
    "model": "admin.logentry", 
    "fields": {
        "action_flag": 2, 
        "action_time": "2014-03-06T08:26:49.495Z", 
        "object_repr": "About / Team", 
        "object_id": "4", 
        "change_message": "Changed id.", 
        "user": 1, 
        "content_type": 21
    }
},
{
    "pk": 52, 
    "model": "admin.logentry", 
    "fields": {
        "action_flag": 2, 
        "action_time": "2014-03-06T08:27:21.557Z", 
        "object_repr": "Home", 
        "object_id": "10", 
        "change_message": "Changed content and id.", 
        "user": 1, 
        "content_type": 21
    }
},
{
    "pk": 53, 
    "model": "admin.logentry", 
    "fields": {
        "action_flag": 2, 
        "action_time": "2014-03-06T19:49:20.569Z", 
        "object_repr": "Home", 
        "object_id": "10", 
        "change_message": "Changed content and id.", 
        "user": 1, 
        "content_type": 21
    }
},
{
    "pk": 54, 
    "model": "admin.logentry", 
    "fields": {
        "action_flag": 3, 
        "action_time": "2014-03-06T21:44:25.941Z", 
        "object_repr": "Test Doc page", 
        "object_id": "12", 
        "change_message": "", 
        "user": 1, 
        "content_type": 20
    }
},
{
    "pk": 55, 
    "model": "admin.logentry", 
    "fields": {
        "action_flag": 1, 
        "action_time": "2014-03-07T00:27:07.219Z", 
        "object_repr": "Map", 
        "object_id": "14", 
        "change_message": "", 
        "user": 1, 
        "content_type": 32
    }
},
{
    "pk": 56, 
    "model": "admin.logentry", 
    "fields": {
        "action_flag": 1, 
        "action_time": "2014-03-07T01:00:35.585Z", 
        "object_repr": "Map2", 
        "object_id": "15", 
        "change_message": "", 
        "user": 1, 
        "content_type": 32
    }
},
{
    "pk": 57, 
    "model": "admin.logentry", 
    "fields": {
        "action_flag": 3, 
        "action_time": "2014-03-07T01:04:56.970Z", 
        "object_repr": "Map", 
        "object_id": "14", 
        "change_message": "", 
        "user": 1, 
        "content_type": 20
    }
},
{
    "pk": 58, 
    "model": "admin.logentry", 
    "fields": {
        "action_flag": 3, 
        "action_time": "2014-03-07T01:05:02.044Z", 
        "object_repr": "Map2", 
        "object_id": "15", 
        "change_message": "", 
        "user": 1, 
        "content_type": 20
    }
},
{
    "pk": 59, 
    "model": "admin.logentry", 
    "fields": {
        "action_flag": 1, 
        "action_time": "2014-03-07T01:05:17.822Z", 
        "object_repr": "Map", 
        "object_id": "16", 
        "change_message": "", 
        "user": 1, 
        "content_type": 32
    }
},
{
    "pk": 60, 
    "model": "admin.logentry", 
    "fields": {
        "action_flag": 2, 
        "action_time": "2014-03-07T02:54:53.007Z", 
        "object_repr": "Test Blog", 
        "object_id": "1", 
        "change_message": "Changed content and id.", 
        "user": 1, 
        "content_type": 14
    }
},
{
    "pk": 61, 
    "model": "admin.logentry", 
    "fields": {
        "action_flag": 2, 
        "action_time": "2014-03-07T02:55:30.032Z", 
        "object_repr": "Blog", 
        "object_id": "1", 
        "change_message": "Changed content and keywords.", 
        "user": 1, 
        "content_type": 21
    }
},
{
    "pk": 62, 
    "model": "admin.logentry", 
    "fields": {
        "action_flag": 2, 
        "action_time": "2014-03-07T02:56:24.315Z", 
        "object_repr": "Test Blog", 
        "object_id": "1", 
        "change_message": "Changed content and keywords.", 
        "user": 1, 
        "content_type": 14
    }
},
{
    "pk": 63, 
    "model": "admin.logentry", 
    "fields": {
        "action_flag": 2, 
        "action_time": "2014-03-07T02:56:56.666Z", 
        "object_repr": "Test Blog", 
        "object_id": "1", 
        "change_message": "Changed content and id.", 
        "user": 1, 
        "content_type": 14
    }
},
{
    "pk": 64, 
    "model": "admin.logentry", 
    "fields": {
        "action_flag": 2, 
        "action_time": "2014-03-07T02:57:16.931Z", 
        "object_repr": "Blog", 
        "object_id": "1", 
        "change_message": "Changed id.", 
        "user": 1, 
        "content_type": 20
    }
},
{
    "pk": 65, 
    "model": "admin.logentry", 
    "fields": {
        "action_flag": 2, 
        "action_time": "2014-03-07T02:57:32.705Z", 
        "object_repr": "Blog", 
        "object_id": "1", 
        "change_message": "Changed content and keywords.", 
        "user": 1, 
        "content_type": 21
    }
},
{
    "pk": 66, 
    "model": "admin.logentry", 
    "fields": {
        "action_flag": 2, 
        "action_time": "2014-03-07T02:58:06.892Z", 
        "object_repr": "To Do List", 
        "object_id": "1", 
        "change_message": "Changed title and id.", 
        "user": 1, 
        "content_type": 14
    }
},
{
    "pk": 67, 
    "model": "admin.logentry", 
    "fields": {
        "action_flag": 3, 
        "action_time": "2014-03-07T02:58:53.869Z", 
        "object_repr": "Test Page", 
        "object_id": "11", 
        "change_message": "", 
        "user": 1, 
        "content_type": 20
    }
},
{
    "pk": 68, 
    "model": "admin.logentry", 
    "fields": {
        "action_flag": 1, 
        "action_time": "2014-03-10T21:22:39.483Z", 
        "object_repr": "System Configuration", 
        "object_id": "1", 
        "change_message": "", 
        "user": 1, 
        "content_type": 15
    }
},
{
    "pk": 69, 
    "model": "admin.logentry", 
    "fields": {
        "action_flag": 1, 
        "action_time": "2014-03-10T21:25:54.249Z", 
        "object_repr": "Install Aapceh", 
        "object_id": "2", 
        "change_message": "", 
        "user": 1, 
        "content_type": 14
    }
},
{
    "pk": 70, 
    "model": "admin.logentry", 
    "fields": {
        "action_flag": 2, 
        "action_time": "2014-03-10T21:26:38.555Z", 
        "object_repr": "System Installation", 
        "object_id": "2", 
        "change_message": "Changed title and id.", 
        "user": 1, 
        "content_type": 14
    }
},
{
    "pk": 71, 
    "model": "admin.logentry", 
    "fields": {
        "action_flag": 2, 
        "action_time": "2014-03-10T21:27:09.957Z", 
        "object_repr": "System Installation", 
        "object_id": "2", 
        "change_message": "Changed content and id.", 
        "user": 1, 
        "content_type": 14
    }
},
{
    "pk": 72, 
    "model": "admin.logentry", 
    "fields": {
        "action_flag": 2, 
        "action_time": "2014-03-10T21:28:22.691Z", 
        "object_repr": "System Installation", 
        "object_id": "2", 
        "change_message": "Changed content and id.", 
        "user": 1, 
        "content_type": 14
    }
},
{
    "pk": 73, 
    "model": "admin.logentry", 
    "fields": {
        "action_flag": 2, 
        "action_time": "2014-03-10T21:30:06.820Z", 
        "object_repr": "System Installation", 
        "object_id": "2", 
        "change_message": "Changed content, description and keywords.", 
        "user": 1, 
        "content_type": 14
    }
},
{
    "pk": 74, 
    "model": "admin.logentry", 
    "fields": {
        "action_flag": 2, 
        "action_time": "2014-03-10T21:30:30.810Z", 
        "object_repr": "System Installation", 
        "object_id": "2", 
        "change_message": "Changed content and id.", 
        "user": 1, 
        "content_type": 14
    }
},
{
    "pk": 75, 
    "model": "admin.logentry", 
    "fields": {
        "action_flag": 2, 
        "action_time": "2014-03-10T21:32:31.554Z", 
        "object_repr": "System Installation", 
        "object_id": "2", 
        "change_message": "Changed content and keywords.", 
        "user": 1, 
        "content_type": 14
    }
},
{
    "pk": 76, 
    "model": "admin.logentry", 
    "fields": {
        "action_flag": 2, 
        "action_time": "2014-03-10T21:47:50.281Z", 
        "object_repr": "System Installation", 
        "object_id": "2", 
        "change_message": "Changed content and keywords.", 
        "user": 1, 
        "content_type": 14
    }
},
{
    "pk": 77, 
    "model": "admin.logentry", 
    "fields": {
        "action_flag": 2, 
        "action_time": "2014-03-10T21:48:27.165Z", 
        "object_repr": "System Installation", 
        "object_id": "2", 
        "change_message": "Changed content, description and keywords.", 
        "user": 1, 
        "content_type": 14
    }
},
{
    "pk": 78, 
    "model": "admin.logentry", 
    "fields": {
        "action_flag": 2, 
        "action_time": "2014-03-10T21:52:11.116Z", 
        "object_repr": "System Installation", 
        "object_id": "2", 
        "change_message": "Changed content, description and keywords.", 
        "user": 1, 
        "content_type": 14
    }
},
{
    "pk": 79, 
    "model": "admin.logentry", 
    "fields": {
        "action_flag": 2, 
        "action_time": "2014-03-10T21:55:15.398Z", 
        "object_repr": "System Installation", 
        "object_id": "2", 
        "change_message": "Changed content and id.", 
        "user": 1, 
        "content_type": 14
    }
},
{
    "pk": 80, 
    "model": "admin.logentry", 
    "fields": {
        "action_flag": 2, 
        "action_time": "2014-03-10T21:55:40.028Z", 
        "object_repr": "System Installation", 
        "object_id": "2", 
        "change_message": "Changed content and id.", 
        "user": 1, 
        "content_type": 14
    }
},
{
    "pk": 81, 
    "model": "admin.logentry", 
    "fields": {
        "action_flag": 2, 
        "action_time": "2014-03-10T21:57:34.360Z", 
        "object_repr": "System Installation", 
        "object_id": "2", 
        "change_message": "Changed content, description and keywords.", 
        "user": 1, 
        "content_type": 14
    }
},
{
    "pk": 82, 
    "model": "admin.logentry", 
    "fields": {
        "action_flag": 2, 
        "action_time": "2014-03-10T21:58:31.810Z", 
        "object_repr": "Blog", 
        "object_id": "1", 
        "change_message": "Changed login_required and keywords.", 
        "user": 1, 
        "content_type": 21
    }
},
{
    "pk": 83, 
    "model": "admin.logentry", 
    "fields": {
        "action_flag": 2, 
        "action_time": "2014-03-10T22:00:28.724Z", 
        "object_repr": "Blog", 
        "object_id": "1", 
        "change_message": "Changed login_required and keywords.", 
        "user": 1, 
        "content_type": 21
    }
},
{
    "pk": 84, 
    "model": "admin.logentry", 
    "fields": {
        "action_flag": 2, 
        "action_time": "2014-03-10T22:06:02.920Z", 
        "object_repr": "To Do List", 
        "object_id": "1", 
        "change_message": "Changed content and keywords.", 
        "user": 1, 
        "content_type": 14
    }
},
{
    "pk": 85, 
    "model": "admin.logentry", 
    "fields": {
        "action_flag": 2, 
        "action_time": "2014-03-10T22:10:22.115Z", 
        "object_repr": "System Installation", 
        "object_id": "2", 
        "change_message": "Changed content, description and keywords.", 
        "user": 1, 
        "content_type": 14
    }
},
{
    "pk": 86, 
    "model": "admin.logentry", 
    "fields": {
        "action_flag": 2, 
        "action_time": "2014-03-10T22:12:47.565Z", 
        "object_repr": "System Installation", 
        "object_id": "2", 
        "change_message": "Changed content and id.", 
        "user": 1, 
        "content_type": 14
    }
},
{
    "pk": 87, 
    "model": "admin.logentry", 
    "fields": {
        "action_flag": 2, 
        "action_time": "2014-03-10T22:19:56.531Z", 
        "object_repr": "System Installation", 
        "object_id": "2", 
        "change_message": "Changed content, description and keywords.", 
        "user": 1, 
        "content_type": 14
    }
},
{
    "pk": 88, 
    "model": "admin.logentry", 
    "fields": {
        "action_flag": 2, 
        "action_time": "2014-03-10T22:20:27.619Z", 
        "object_repr": "System Installation", 
        "object_id": "2", 
        "change_message": "Changed content, description and keywords.", 
        "user": 1, 
        "content_type": 14
    }
},
{
    "pk": 89, 
    "model": "admin.logentry", 
    "fields": {
        "action_flag": 2, 
        "action_time": "2014-03-11T00:18:22.112Z", 
        "object_repr": "System Installation", 
        "object_id": "2", 
        "change_message": "Changed content, description and keywords.", 
        "user": 1, 
        "content_type": 14
    }
},
{
    "pk": 90, 
    "model": "admin.logentry", 
    "fields": {
        "action_flag": 2, 
        "action_time": "2014-03-11T00:19:15.560Z", 
        "object_repr": "System Installation", 
        "object_id": "2", 
        "change_message": "Changed content and id.", 
        "user": 1, 
        "content_type": 14
    }
},
{
    "pk": 91, 
    "model": "admin.logentry", 
    "fields": {
        "action_flag": 2, 
        "action_time": "2014-03-11T00:19:49.890Z", 
        "object_repr": "System Installation", 
        "object_id": "2", 
        "change_message": "Changed content and id.", 
        "user": 1, 
        "content_type": 14
    }
},
{
    "pk": 92, 
    "model": "admin.logentry", 
    "fields": {
        "action_flag": 2, 
        "action_time": "2014-03-11T00:20:33.721Z", 
        "object_repr": "System Installation", 
        "object_id": "2", 
        "change_message": "Changed content and id.", 
        "user": 1, 
        "content_type": 14
    }
},
{
    "pk": 93, 
    "model": "admin.logentry", 
    "fields": {
        "action_flag": 2, 
        "action_time": "2014-03-11T00:21:01.124Z", 
        "object_repr": "System Installation", 
        "object_id": "2", 
        "change_message": "Changed content and id.", 
        "user": 1, 
        "content_type": 14
    }
},
{
    "pk": 94, 
    "model": "admin.logentry", 
    "fields": {
        "action_flag": 2, 
        "action_time": "2014-03-11T17:40:47.052Z", 
        "object_repr": "System Installation", 
        "object_id": "2", 
        "change_message": "Changed content, description and keywords.", 
        "user": 1, 
        "content_type": 14
    }
},
{
    "pk": 95, 
    "model": "admin.logentry", 
    "fields": {
        "action_flag": 2, 
        "action_time": "2014-03-11T17:42:00.331Z", 
        "object_repr": "System Installation", 
        "object_id": "2", 
        "change_message": "Changed content, description and keywords.", 
        "user": 1, 
        "content_type": 14
    }
},
{
    "pk": 96, 
    "model": "admin.logentry", 
    "fields": {
        "action_flag": 2, 
        "action_time": "2014-03-11T17:42:38.748Z", 
        "object_repr": "System Installation", 
        "object_id": "2", 
        "change_message": "Changed content and id.", 
        "user": 1, 
        "content_type": 14
    }
},
{
    "pk": 97, 
    "model": "admin.logentry", 
    "fields": {
        "action_flag": 2, 
        "action_time": "2014-03-11T17:43:26.130Z", 
        "object_repr": "System Installation", 
        "object_id": "2", 
        "change_message": "Changed content and id.", 
        "user": 1, 
        "content_type": 14
    }
},
{
    "pk": 98, 
    "model": "admin.logentry", 
    "fields": {
        "action_flag": 2, 
        "action_time": "2014-04-03T20:24:28.837Z", 
        "object_repr": "Home", 
        "object_id": "10", 
        "change_message": "Changed content and id.", 
        "user": 1, 
        "content_type": 21
    }
}
]
